nInvent,proveedor,descElem,unidad,nFact,fechaFact,profesor,dpt,orgProy
543,SERVICIOS Y PROD.INFORM,SERVIDOR SF X2200 SDAY UPG 3YR,1,FV0700383,04-12-2006,CORDERO,,
544,NAVEGADORES GPS.COM,PDA HTC P3300,1,24578/2007,09-04-2007,J.A.ALVAREZ,,
545,SENSONS & COMPANY INC,RECEPTORES G.P.S.,1,81694/2007,08-04-2007,J.A.ALVAREZ,,
546,AULA MAGNA,SWITCH 3COM 4200G 24 PORT,1,A/605863,11-12-2006,LABORATORIO,,
547,AULA MAGNA,ESCANER GENIUS CP SLIM1200,1,A/605492,28-11-2006,,,
548,J.C.CAPOTE PRIETO,TELÉFONO SIEMENS GIGASET 140 BL,1,A/534,05-12-2006,?????????,,
549,SURPAPEL,SCANER EPSON PERFECTION 4990 PHOT,1,BAJA,DETERIORO,I.RAMOS,,G.PROYECTOS
550,PROINSA INST.TERMICAS,APARATO CLIMATIZADOR SPLITT GRAL.,1,365/06,13-12-2006,,,
612,AULA MAGNA,"MONITOR 19"" HYUNDAI",1,A/704554,08-112007,DPTO.,,DPTO.
613,AULA MAGNA,IMPRESORA HP MULTIFUNCION C4180,1,A/704555,08-11-2007,DPTO.,,DPTO.
614,AULA MAGNA,IMPRESORA HP MULTIFUNCION C4180,1,A/704555,08-11-2007,DPTO.,,DPTO.
615,AULA MAGNA,IMPRESORA HP MULTIFUNCION C4180,1,A/704555,08-112007,DPTO.,,DPTO.
616,AULA MAGNA,IMPRESORA HP LASERJET 1022 USB,1,A/704555,08-11-2007,DPTO.,,DPTO.
617,AULA MAGNA,IMPRESORA SAMSUNG LASER CLP-300,1,A/704555,08-11-2007,DPTO.,,DPTO.
618,AULA MAGNA,IMPRESORA HP LASERJET 1020,1,A/704555,08-112007,DPTO.,,DPTO.
619,AULA MAGNA,IMPRESORA HP MULTIFUNCION C5180,1,A/704555,08-11-2007,DPTO.,,DPTO.
620,AULA MAGNA,IMPRESORA HP MULTIFUNCION C5280,1,A/704555,08-11-2007,DPTO.,,DPTO.
621,AULA MAGNA,IMPRESORA CANON PIXMA MX310,1,A/704555,08-112007,DPTO.,,DPTO.
622,AULA MAGNA,VIDEOPROYECTOR SONY VPLEX4,1,A/704752,22-11-2007,BAJA ROBO,,BAJA
623,ANTALIS,DYMO LABEL WRITER 400,1,113044,10-10-2007,BENAVIDES,,DPTO.
624,ANTALIS,DESTRUCTORA DAHLE 20082,1,113044,10-10-2007,BENAVIDES,,DPTO.
625,ANTALIS,DESTRUCTORA FELLOWES PS 62C,1,113045,10-10-2007,QUIVIR,,
626,ANTALIS,DESTRUCTORA FELLOWES PS 62C,1,113045,10-10-2007,QUIVIR,,
627,AULA MAGNA,GRABADORA DVD EXT. LG GSA-E20N,1,A/704562,08-11-2007,DPTO.,,DPTO.
628,AULA MAGNA,GRABADORA DVD EXT. LG GSA-E20N,1,A/704562,08-11-2007,DPTO.,,DPTO.
629,AULA MAGNA,ESCANER HP G4010 PHOTO SCANJET,1,A/704562,08-11-2007,DPTO.,,DPTO.
630,AULA MAGNA,ESCANER HP SCANJET G3010,1,A/704562,08-11-2007,DPTO.,,DPTO.
631,ANTALIS,IMPRESORA HP MULTIFUNCION C8180,1,114458,31-10-2007,ORTEGA,,
632,AULA MAGNA,PORTATIL MOBILE COMPUTER HTC,1,A/704653,20-11-2007,RIQUELME,,
633,AULA MAGNA,PORTATIL MOBILE COMPUTER HTC,1,A/704653,20-11-2007,RIQUELME,,
634,AULA MAGNA,PORTATIL MOBILE COMPUTER HTC,1,A/704653,20-11-2007,RIQUELME,,
635,AULA MAGNA,PORTATIL SONY VAIO VGNTZ11XN,1,A/704652,20-11-2007,RIQUELME,,
636,TEKNOSERVICE,ORDENADOR TTL CORE 2 DUO,1,F7/1518,22-11-2007,FERMIN CRUZ,,
637,AULA MAGNA,ORDENADOR PORTATIL SAMSUNG,1,A/704784,26-11-2007,RIQUELME,,
638,AULA MAGNA,CAMARA VIDEO DIGITAL SONY SR190,1,A/704788,26-11-2007,MARIANO,,
639,AULA MAGNA,ORDENADOR PCM2A690G,1,A/704803,27-11-2007,J.A.ALVAREZ,,
640,AULA MAGNA,IMPRESORA HP LASERJET 4250DTN,1,A/704780,26-11-2007,DPTO.,,DPTO.
641,AULA MAGNA,SAI MERLINGERIN EVOLUTION RTU2,1,A/704781,26-11-2007,DPTO.,,DPTO.
642,AULA MAGNA,SAI MERLINGERIN EVOLUTION RTU2,1,A/704785,26-11-2007,DPTO.,,DPTO.
643,AULA MAGNA,SAI MERLINGERIN EVOLUTION RTU2,1,A/704786,26-11-2007,DPTO.Nº 255545,,BAJA
644,TEKNOSERVICE,SERVIDOR MAXDATA MPL300IR,1,F7/1575,04-12-2007,J.TORRES,,
645,AULA MAGNA,PORTATIL SONY VAIO TZ21WN,1,A/704574,09-11-2007,A.RUIZ,,WEBFACTORY
646,AULA MAGNA,PDA Smartphone HTC P3600Trinity,1,A/704573,09-11-2007,A.RUIZ,,WEBFACTORY
647,AULA MAGNA,PDA Smartphone HTC P3600Trinity,1,A/704620,14-11-2007,A.RUIZ,,WEBFACTORY
648,AULA MAGNA,PORTATIL FUJITSU V5535,1,A/704957,13-12-2007,V.CARRILLO,,ITALICA
649,AULA MAGNA,"MONITOR TFT 19""SAMSUNG SM902M",1,A/704957,13-12-2007,V.CARRILLO,,ITALICA
650,AULA MAGNA,"MONITOR TFT 19""SAMSUNG SM902M",1,A/704957,13-12-2007,V.CARRILLO,,ITALICA
180,TEKNOSERVICE,ORDENADOR TTL AMD XP2000,1,1380,13-11-2002,RIQUELME,,
181,TEKNOSERVICE,ORDENADOR TTL AMD XP2000,1,1380,13-11-2002,A. RUIZ,,WEBFACTORY
182,TEKNOSERVICE,ORDENADOR TTL AMD XP2000,1,1380,13-11-2002,GªVALLEJO,,
354,TEKNOSERVICE,ORDENADOR LG CON GRABADORA P4,1,F5/0577,12-05-2005,CAÑETE,,
355,TEKNOSERVICE,ORDENADOR LG CON GRABADORA P4,1,F5/0577,12-05-2005,ROVAYO,,
356,TEKNOSERVICE,ORDENADOR LG CON GRABADORA P4,1,F5/0577,12-05-2005,SECRETARIA,LOLA,
357,TEKNOSERVICE,ORDENADOR LG CON GRABADORA P4,1,F5/0577,12-05-2005,BENAVIDES,,WEBFACTORY
358,TEKNOSERVICE,ORDENADOR LG CON GRABADORA P4,1,F5/0577,12-05-2005,TALLON,,
359,TEKNOSERVICE,ORDENADOR LG CON GRABADORA P4,1,BAJA,DETERIORO,I.RAMOS,,G.PROYECTOS
360,TEKNOSERVICE,ORDENADOR LG CON GRABADORA P4,1,F5/0577,12-05-2005,DPTO?,,
353,TEKNOSERVICE,ORDENADOR LG CON GRABADORA P4,1,F5/0577,12-05-2005,AREVALO,,
651,AULA MAGNA,"MONITOR TFT 19""SAMSUNG SM902M",1,A/704957,13-12-2007,V.CARRILLO,,ITALICA
652,AULA MAGNA,"MONITOR TFT 19""SAMSUNG SM902M",1,A/704957,13-12-2007,V.CARRILLO,,ITALICA
653,AULA MAGNA,"MONITOR TFT 19""SAMSUNG SM902M",1,A/704957,13-12-2007,V.CARRILLO,,ITALICA
654,AULA MAGNA,"MONITOR TFT 19""SAMSUNG SM902M",1,A/704957,13-12-2007,V.CARRILLO,,ITALICA
655,AULA MAGNA,"MONITOR TFT 19"" HACER AL1916WS",1,A/704957,13-12-2007,V.CARRILLO,,ITALICA
656,AULA MAGNA,ORDEN MONTADO INTEL CORE 2DUO,1,A/704962,13-12-2007,V.CARRILLO,,ITALICA
657,AULA MAGNA,ORDEN MONTADO INTEL CORE 2DUO,1,A/704962,13-12-2007,V.CARRILLO,,ITALICA
658,AULA MAGNA,IMPRESORA CANON PIXMA MP210,1,A/704649,19-11-2007,CARMELO,,
659,AULA MAGNA,IMPRESORA CANON PIXMA MP210,1,A/704649,19-11-2007,CARMELO,,
660,AULA MAGNA,VIDEOPROYECTOR ACERPD113P,1,A/704958,13-12-2007,V.CARRILLO,,ITALICA
661,AULA MAGNA,ORDENADOR PORTATIL HP6715B,1,A/704939,12-12-2007,BAJA ROBO,,BAJA
662,AULA MAGNA,ORDENADOR PORTATIL HP6715B,1,A/704939,12-12-2007,DPTO.,,DPTO.
663,AULA MAGNA,ORDENADOR MONTADO INTEL,1,A/704936,12-12-2007,DPTO.,,DPTO.
664,AULA MAGNA,ORDENADOR MONTADO INTEL,1,A/704936,12-12-2007,DPTO.,,DPTO.
665,AULA MAGNA,GAFAS REALIDAD VIRTUAL TRIM.HMD,1,A/704941,12-12-2007,CORDERO,,
666,AULA MAGNA,ORDEN MONTADO INTEL CORE 2DUO,1,A/704940,12-12-2007,RIQUELME,,
667,AULA MAGNA,ORDEN MONTADO INTEL CORE 2DUO,1,A/704938,12-12-2007,CORCHU,,
668,AULA MAGNA,"MONITOR 19"" SAMSUNG SN920MW",1,A/704938,12-12-2007,CORCHU,,
669,AULA MAGNA,ORDEN  CORE 2DUO,1,A/704898,07-12-2007,DAVID RUIZ,,WEBFACTORY
670,AULA MAGNA,ORDEN CORE 2DUO,1,A/704898,07-12-2007,DAVID RUIZ,,WEBFACTORY
671,AULA MAGNA,ORDEN CORE 2DUO,1,A/704898,07-12-2007,DAVID RUIZ,,WEBFACTORY
672,AULA MAGNA,ORDEN MONTADO INTEL CORE 2DUO,1,A/704981,14-12-2007,SECRETARIA,,
673,AULA MAGNA,"MONITOR 20"" TFT SAMSUNG SM-205BW",1,A/704981,14-12-2007,SECRETARIA,LOLA,
674,EL CORTE INGLES,"q1 ultra7tft 7"" MSVGA",1,95128407,14-01-2008,ESCALONA,,G.PROYECTOS
675,AULA MAGNA,PROGR.MICRSF VISUAL STUDIO 2005,1,A/704863,30-11-2007,RIQUELME,,ICE
676,TEKNOSERVICE,ORDENADOR CORE 2DUO,1,F8/0072,21-01-2008,A.RUIZ-SERGIO,,SETI
677,PROINSA INSTAL.TERMICAS,A/A 3000 FRIG. FRIO-CALOR SALA F1.42,1,435/07,29-11-2007,COMPARTIDO,,
678,EL CORTE INGLES,PORTATIL,1,912178375179323,07-02-2008,J.J.GUTIERREZ,,G.PROYECTOS
679,EDIVERSITAS MULTIMEDIA S.L.,Móvil - P D A,1,36765/2008,31-01-2008,VICTOR,,
680,EDIVERSITAS MULTIMEDIA S.L.,Móvil - P D A,1,36765/2008,31-01-2008,VICTOR,,
681,MEGA SEVILLA,PANTALLA TFT,1,001/2008,02-01-2008,J.A.ALVAREZ,,
682,PC BOX,Ordenador de sobremesa F.P.U.,1,26/1833,06-03-2008,V.CARRILLO,,ITALICA
683,TEKNOSERVICE,"PANTALLA TFT 20""",1,F8/0072,21-01-2008,A.RUIZ-SERGIO,,SETI
684,B.B.G.SERVICES  S.L.,ORDENADOR DE SOBREMESA,1,A08/02851,14-03-2008,FDO.ENRIQUEZ,,
685,AQUIVIRA  S.A.,VIDEOPROYECTOR EPSONEMP-X5,1,02C07-00162,11-03-2008,DPTO.,,DPTO.
686,DELL COMPUTER,Portátil DELL XPM M1530,1,2400803926,28-02-2008,CARMELO,,
687,DELL COMPUTER,Portátil DELL XPM M1530,1,2400803926,28-02-2008,CARMELO,,
688,APP INFORMATICA,ORDENADOR AMD 9600,1,S/475,17-03-2008,RIQUELME,,
689,TEKNOSERVICE,ORDENADOR SOBREMESA (SOLO TORRE),1,F8//0195,07-02-2008,B. BERNARDEZ,,WEBFACTORY
690,AULA MAGNA,VIDEO-PROYECTOR TOSHIBA TH-VET20,1,A/800772,18-04-2008,RIQUELME,,
691,AULA MAGNA,FOTOC.KONICA-MINOLTA BIZHUB C203,1,A/801311,09-06-2008,DEPTO. 1ª PL.,,
692,AULA MAGNA,"MONITOR SAMSUNG 22"" SM-226BWser13063P",1,A/801514,24-06-2008,AMADOR,,WEBFACTORY
693,AULA MAGNA,"MONITOR SAMSUNG 22"" SM-226BW",1,A/801514,24-06-2008,B. BERNARDEZ,,WEBFACTORY
694,AULA MAGNA,"MONITOR SAMSUNG 22"" SM-226BW",1,A/801514,24-06-2008,B. BERNARDEZ,,WEBFACTORY
695,AULA MAGNA,"MONITOR SAMSUNG 22"" SM-226BW",1,A/801514,24-06-2008,B. BERNARDEZ,,WEBFACTORY
696,AULA MAGNA,"MONITOR SAMSUNG 22"" SM-226BW",1,A/801514,24-06-2008,B. BERNARDEZ,,WEBFACTORY
697,AULA MAGNA,"MONITOR SAMSUNG 22"" SM-226BW",1,A/801514,24-06-2008,B. BERNARDEZ,,WEBFACTORY
698,AULA MAGNA,"MONITOR SAMSUNG 22"" SM-2232BWDVI",1,A/801514,24-06-2008,B. BERNARDEZ,,WEBFACTORY
699,AULA MAGNA,IMPRESORA HP OFFICE JET J6410,1,A/801346,10-06-2008,B. BERNARDEZ,,WEBFACTORY
700,SENTILLA CO.,DISPOSITIVO/SENSOR DOMÓTICO,1,1733,23-04-2008,A.FDEZ-MONTES,,
383,AULA MAGNA,CAMARA JVC GZ-MG50,1,BAJA POR,ROTURA,QUEMADA,,
701,ALIVE TECHNOLOGIES,ACEL. TRIAX.-ELECTROCARDIOGRAMA,1,INV002002,28-04-2008,J.A.ALVAREZ,,
702,APP INFORMATICA,PORTATIL TOSHIBA SAT A200-22C,1,0500810,03-04-2008,DAVID RUIZ,,WEBFACTORY
703,APP INFORMATICA,PORTATIL TOSHIBA SAT A200-22C,1,0500810,03-04-2008,DAVID RUIZ,,WEBFACTORY
704,APP INFORMATICA,PORTATIL ASUS F8SA-4S004E,1,0500852,24-04-2008,DAVID RUIZ,,WEBFACTORY
705,AULA MAGNA,PANTALLA PROYECCION,1,A/800772,18-04-2008,RIQUELME,,
706,PC SPEAKER,ORDENADOR INTEL QUAD SCORE6600,1,FG08119,28-05-2008,RIQUELME,,
707,AULA MAGNA,IMPRESORA MULTIFUNDIÓN LASER B/N,1,A/801286,05-06-2008,G. ITALICA,,ITALICA
708,AULA MAGNA,IMPRESORA MULTIFUNDIÓN LASER B/N,1,A/801286,05-06-2008,G. ITALICA,,ITALICA
709,AULA MAGNA,IMPRESORA MULTIFUNDIÓN LASER B/N,1,A/801286,05-06-2008,G. ITALICA,,ITALICA
710,AULA MAGNA,IMPRESORA MULTIFUNDIÓN LASER B/N,1,A/801286,05-06-2008,G. ITALICA,,ITALICA
711,AULA MAGNA,IMPRESORA MULTIFUNDIÓN LASER B/N,1,A/801286,05-06-2008,G. ITALICA,,ITALICA
712,AULA MAGNA,IMPRESORA MULTIFUNDIÓN LASER B/N,1,A/801286,05-06-2008,G. ITALICA,,ITALICA
713,AULA MAGNA,IMPRESORA MULTIFUNDIÓN LASER B/N,1,A/801286,05-06-2008,G. ITALICA,,ITALICA
714,AULA MAGNA,IMPRESORA MULTIFUNDIÓN LASER B/N,1,A/801286,05-06-2008,G. ITALICA,,ITALICA
715,AULA MAGNA,IMPRESORA MULTIFUNDIÓN LASER B/N,1,A/801286,05-06-2008,G. ITALICA,,ITALICA
716,AULA MAGNA,IMPRESORA MULTIFUNDIÓN LASER B/N,1,A/801286,05-06-2008,G. ITALICA,,ITALICA
717,AULA MAGNA,IMPRESORA MULTIFUNDIÓN LASER B/N,1,A/801286,05-06-2008,G. ITALICA,,ITALICA
718,AULA MAGNA,IMPRESORA MULTIFUNDIÓN LASER COLOR,1,A/801286,05-06-2008,G. ITALICA,,ITALICA
719,AULA MAGNA,"MONITOR TFT 19""",1,A/801286,05-06-2008,V.CARRILLO,,ITALICA
720,SERVICIOS Y PROD.INFORM,SERVIDOR SUN FIRE X4140  RoHS-5,1,FVA0900012,06-06-2008,HITALICA,,
469,J.C.CAPOTE PRIETO,TELÉFONO SIEMENS GIGASET 140 BL,1,A/485,15-11-2006,?????????,,
470,J.C.CAPOTE PRIETO,TELÉFONO INALAMBRICO SUP A1,1,A/485,15-11-2006,?????????,,
471,J.C.CAPOTE PRIETO,TELÉFONO INALAMBRICO SUP A1,1,A/485,15-11-2006,?????????,,
472,ANTALIS,TELÉFONO SPIKER DECT 010,1,113794,15-11-2006,?????????,,
473,AULA MAGNA,PORTÁTIL FE31B + MALETIN + RATÓN,1,A/605497,28-11-2006,RIQUELME,,
474,J.C.CAPOTE PRIETO,TELÉFONO SIEMENS GIGASET 140 BL,1,A/493,21-11-2006,?????????,,
475,J.C.CAPOTE PRIETO,TELÉFONO SIEMENS GIGASET 140 BL,1,A/493,21-11-2006,?????????,,
476,J.C.CAPOTE PRIETO,TELÉFONO INALAMBRICO SUP A1,1,A/493,21-11-2006,?????????,,
477,J.C.CAPOTE PRIETO,TELÉFONO INALAMBRICO SUP A1,1,A/501,21-11-2006,?????????,,
478,J.C.CAPOTE PRIETO,TELÉFONO SIEMENS GIGASET 140 BL,1,A/501,21-11-2006,?????????,,
479,NATIONAL INSTRUMENTS,TARJETA DATOS NI USB-6259 M,1,2966,09-11-2006,CARMELO,,
480,AULA MAGNA,"ARAMARIO RACK 19"" + BANDEJA FIJA",1,A/605500,28-11-2006,DPTO.,,
481,AULA MAGNA,DISCO DURO 200 Gb + CAJA EXTERNA,1,A/605503,28-11-2006,DPTO.,,
482,AULA MAGNA,DISCO DURO EXT. FREECOM,1,A/605492,28-11-2006,J.J.GUTIERREZ,,G.PROYECTOS
483,AULA MAGNA,DISCO DURO EXT. IOMEGA,1,A/605492,28-11-2006,J.J.GUTIERREZ,,G.PROYECTOS
484,AULA MAGNA,TELEF. MOVIL MOTOROLA,1,A/605492,28-11-2006,CORDERO,,
485,SERVICIOS Y PROD.INFORM,SERVIDOR RFA.A87-KPZ22H8GCBA-E,1,FVA0700057,22-11-2006,CORDERO,,
486,AULA MAGNA,DISCO DURO EXT. FREECOM,1,A/605492,28-11-2006,FDO.ENRIQUEZ,,
487,AULA MAGNA,"MONITOR TFT 17 "" HYUNDAI MOD.M71S",1,A/605492,28-11-2006,TROYANO,,
488,SADIEL,SERVIDOR HP PROLIANT DL385 G2,1,F06/11/0164,22-11-2006,SIC COMPART,,
489,AULA MAGNA,GRABADORA,1,A/605492,28-11-2006,CORDERO,,
490,EL CORTE INGLES,PORTATIL SONY VAIO VGN-CIS,1,01038345,04-12-2006,B. BERNARDEZ,,WEBFACTIRY
491,ACONSA,PORTATIL LENOVO T 60,1,CC676/06,30-11-2006,NORBERTO,,
492,AULA MAGNA,DISCO DURO EXT. FREECOM,1,A/605492,28-11-2006,MENCHEN,,
493,AULA MAGNA,"SERVIDOR P IV RACK 19""",1,A/605791,07-12-2006,CORCHU,,
494,AULA MAGNA,PDA FIJITSU-SIEMENS 560,1,A/605791,07-12-2006,CORCHU,,
495,AULA MAGNA,ARCHIVADOR METALICO 4 CAJONES,1,A/60740,07-11-2006,DPTO.,,DPTO.
496,AULA MAGNA,ARCHIVADOR METALICO 4 CAJONES,1,A/60740,07-11-2006,DPTO.,,DPTO.
497,AULA MAGNA,ARCHIVADOR METALICO 4 CAJONES,1,A/60740,07-11-2006,DPTO.,,DPTO.
498,AULA MAGNA,ARCHIVADOR METALICO 4 CAJONES,1,A/60740,07-11-2006,DPTO.,,DPTO.
499,AULA MAGNA,MESA 180X80 ENCIMERA AGLOMERADO,1,A/60740,07-11-2006,DPTO.,,DPTO.
500,AULA MAGNA,MESA 180X80 ENCIMERA AGLOMERADO,1,A/60740,07-11-2006,DPTO.,,DPTO.
501,AULA MAGNA,MESA 180X80 ENCIMERA AGLOMERADO,1,A/60740,07-11-2006,DPTO.,,DPTO.
502,AULA MAGNA,MESA 180X80 ENCIMERA AGLOMERADO,1,A/60740,07-11-2006,DPTO.,,DPTO.
503,AULA MAGNA,MESA 180X80 ENCIMERA AGLOMERADO,1,A/60740,07-11-2006,DPTO.,,DPTO.
504,AULA MAGNA,MESA 180X80 ENCIMERA AGLOMERADO,1,A/60740,07-11-2006,DPTO.,,DPTO.
582,EDIVERSITAS,PDA (ORDENADOR PEQUEÑO),1,31103/2007,05-09-2007,V.CARRILLO,,
583,DELL COMPUTER S.A.,PORTATIL DELL D420 INTEL CORE,1,BAJA,DETERIORO,I.RAMOS,,G.PROYECTOS
584,AULA MAGNA,IMPRESORA EPSON STYLUS PHOTO1400,1,A/704161,26-09-2007,RIQUELME,,
585,AULA MAGNA,IMPRESORA EPSON STYLUS PHOTO1400,1,A/704161,26-09-2007,RIQUELME,,
586,AULA MAGNA,IMPRESORA EPSON STYLUS PHOTO1400,1,A/704162,26-09-2007,RIQUELME,,
587,EL CORTE INGLES,IMPRESORA HP PHOTOSMART C3180,1,67040760,13-10-2007,RIQUELME,,
588,EL CORTE INGLES,TABLETA DIGITALIZADORA 6KZ029093,1,00177010769,27-07-2007,V.CARRILLO,,ITALICA
589,SERV.Y PROD.INFORM.S.A.,SERVIDOR SUN FIRE X2200,1,FV0800183,03-09-2007,CORDERO,,
590,SERV.Y PROD.INFORM.S.A.,SIST.SUN STORAGETEK PCLE SAS HOST,1,FV0800184,03-09-2007,CORDERO,,
591,SADIEL,SERVIDOR PROLIANT UPS R3000XR 2U,1,F07/05/0174,31-05-2007,DPTO.,,DPTO.
592,AULA MAGNA,CAMARA VIDEO DIGITAL SONY SR190,1,A/704164,26-09-2007,DPTO.,,DPTO.
385,TEKNOSERVICE,CPU TTL+CAMBIO FUENTE ALIMENTAC.,1,F6/0452,30-03-2006,R.CEBALLOS,,
386,TEKNOSERVICE,CPU TTL+CAMBIO FUENTE ALIMENTAC.,1,F6/0452,30-03-2006,MARIANO,,
387,TEKNOSERVICE,CPU TTL+CAMBIO FUENTE ALIMENTAC.,1,F6/0452,30-03-2006,M.TORO,,
593,AULA MAGNA,PORTATIL HP6910P,1,A/704264,05-10--2007,F.J.GALAN,,
594,AULA MAGNA,PORTATIL HP6910P,1,A/704264,05-10--2007,F.J.GALAN,,
595,TEKNOSERVICE,ORDENADOR DE SOBREMESA CORE 2 DUO,1,F7/1349,23-10-2007,V.CARRILLO,,
596,TEKNOSERVICE,ORDENADOR DE SOBREMESA CORE 2 DUO,1,F7/1349,23-10-2007,V.CARRILLO,,
597,TEKNOSERVICE,ORDENADOR TTL CORE 2 DUO,1,F7/1295,10-10-2007,J.A.ORTEGA,,
598,TEKNOSERVICE,ORDENADOR TTL CORE 2 DUO,1,F7/1295,10-10-2007,J.A.ORTEGA,,
599,TEKNOSERVICE,BABERONE MAXDATA FAVORITE 300XS,1,F7/1295,10-10-2007,J.A.ORTEGA,,
600,TEKNOSERVICE,ORDENADOR TTL CORE 2 DUO,1,F7/1212,20-09-2007,CARMELO,,
601,MEDIA MARKT,"PANTALLA TFT 19"" SAMSUNG",1,60018529,06-09-2007,CARMELO,,
602,AULA MAGNA,PDA Fujitsu Siemens 560,1,A/704199,28-09-2007,J.TORRES,,
603,EL CORTE INGLES,CAMARA DIGITAL IXUS 700,1,A/95113721,28-09-2007,ESCALONA,,G.PROYECTOS
604,AULA MAGNA,"MONITOR 19"" SAMSUNG TFT",1,A/704554,08-11-2007,DPTO.,,DPTO.
605,AULA MAGNA,"MONITOR 20"" SAMSUNG TFT",1,A/704554,08-11-2007,DPTO.,,DPTO.
606,AULA MAGNA,"MONITOR 19"" SAMSUNG TFT",1,A/704554,08-112007,DPTO.,,DPTO.
607,AULA MAGNA,"MONITOR 19"" SAMSUNG TFT",1,A/704554,08-11-2007,DPTO.,,DPTO.
608,AULA MAGNA,"MONITOR 19"" SAMSUNG TFT",1,A/704554,08-11-2007,DPTO.,,DPTO.
609,AULA MAGNA,"MONITOR 19"" LG L",1,A/704554,08-112007,DPTO.,,DPTO.
610,AULA MAGNA,"MONITOR 17"" LG L",1,A/704554,08-11-2007,DPTO.,,DPTO.
611,AULA MAGNA,"MONITOR 19"" HYUNDAI",1,A/704554,08-11-2007,DPTO.,,DPTO.
505,AULA MAGNA,MESA 180X80 ENCIMERA AGLOMERADO,1,A/60740,07-11-2006,DPTO.,,DPTO.
506,AULA MAGNA,MESA 180X80 ENCIMERA AGLOMERADO,1,A/60740,07-11-2006,DPTO.,,DPTO.
507,AULA MAGNA,ARMARIO ALTO 3 BALDAS 196X95,1,A/60740,07-11-2006,DPTO.,,DPTO.
508,AULA MAGNA,ARMARIO ALTO 3 BALDAS 196X95,1,A/60740,07-11-2006,DPTO.,,DPTO.
509,AULA MAGNA,ARMARIO ALTO 3 BALDAS 196X95,1,A/60740,07-11-2006,DPTO.,,DPTO.
510,AULA MAGNA,ARMARIO ALTO 3 BALDAS 196X95,1,A/60740,07-11-2006,DPTO.,,DPTO.
511,AULA MAGNA,ARMARIO ALTO 3 BALDAS 196X95,1,A/60740,07-11-2006,DPTO.,,DPTO.
512,AULA MAGNA,ARMARIO ALTO 3 BALDAS 196X95,1,A/60740,07-11-2006,DPTO.,,DPTO.
513,AULA MAGNA,ARMARIO ALTO 3 BALDAS 196X95,1,A/60740,07-11-2006,DPTO.,,DPTO.
514,AULA MAGNA,ARMARIO ALTO 3 BALDAS 196X95,1,A/60740,07-11-2006,DPTO.,,DPTO.
515,AULA MAGNA,SILLON RESPALDO MEDIO,1,A/60740,07-11-2006,DPTO.,,DPTO.
516,AULA MAGNA,SILLON RESPALDO MEDIO,1,A/60740,07-11-2006,DPTO.,,DPTO.
517,AULA MAGNA,SILLON RESPALDO MEDIO,1,A/60740,07-11-2006,DPTO.,,DPTO.
518,AULA MAGNA,SILLON RESPALDO MEDIO,1,A/60740,07-11-2006,DPTO.,,DPTO.
519,AULA MAGNA,SILLON RESPALDO MEDIO,1,A/60740,07-11-2006,DPTO.,,DPTO.
520,AULA MAGNA,SILLON RESPALDO MEDIO,1,A/60740,07-11-2006,DPTO.,,DPTO.
521,AULA MAGNA,SILLON RESPALDO MEDIO,1,A/60740,07-11-2006,DPTO.,,DPTO.
522,AULA MAGNA,SILLON RESPALDO MEDIO,1,A/60740,07-11-2006,DPTO.,,DPTO.
523,AULA MAGNA,SILLA CONFIDENTE ST10,1,A/60740,07-11-2006,DPTO.,,DPTO.
524,AULA MAGNA,SILLA CONFIDENTE ST10,1,A/60740,07-11-2006,DPTO.,,DPTO.
525,AULA MAGNA,SILLA CONFIDENTE ST10,1,A/60740,07-11-2006,DPTO.,,DPTO.
526,AULA MAGNA,SILLA CONFIDENTE ST10,1,A/60740,07-11-2006,DPTO.,,DPTO.
527,AULA MAGNA,SILLA CONFIDENTE ST10,1,A/60740,07-11-2006,DPTO.,,DPTO.
528,AULA MAGNA,SILLA CONFIDENTE ST10,1,A/60740,07-11-2006,DPTO.,,DPTO.
529,AULA MAGNA,SILLA CONFIDENTE ST10,1,A/60740,07-11-2006,DPTO.,,DPTO.
530,AULA MAGNA,SILLA CONFIDENTE ST10,1,A/60740,07-11-2006,DPTO.,,DPTO.
531,AULA MAGNA,ORDENADOR DE SOBRENMESA K8,1,A/605878,08-12-2006,V.CARRILLO,,ITALICA
532,AULA MAGNA,MESA DESPACHO RECTANGULAR,1,A/605878,08-12-2006,V.CARRILLO,,ITALICA
533,AULA MAGNA,IMPRESORA HP C4180,1,A/605878,08-12-2006,V.CARRILLO,,ITALICA
534,AULA MAGNA,"MONITOR TFT 19""",1,A/605878,08-12-2006,V.CARRILLO,,ITALICA
535,AULA MAGNA,IMPRESORA LASER HP 1018,1,A/605878,08-12-2006,V.CARRILLO,,ITALICA
536,AULA MAGNA,DISCO DURO EXT. USB 250 Gb,1,A/605878,08-12-2006,V.CARRILLO,,ITALICA
537,AULA MAGNA,DISCO DURO EXT. USB 60 Gb,1,A/605878,08-12-2006,V.CARRILLO,,ITALICA
538,AULA MAGNA,DISCO DURO EXT. USB 60 Gb,1,A/605878,08-12-2006,V.CARRILLO,,ITALICA
539,AULA MAGNA,DISCO DURO EXT. USB 320 Gb,1,A/605878,08-12-2006,V.CARRILLO,,ITALICA
540,AULA MAGNA,ANTENA GPS BLUETOOH,1,A/605878,08-12-2006,V.CARRILLO,,ITALICA
541,AULA MAGNA,"MONITOR TFT 20"" Y SOPORTE",1,A/605877,08-12-2006,RIQUELME,,
542,URENDE,DISCO DURO USB EXT.,1,18396,09-12-2006,RIQUELME,,
450,AULA MAGNA,Grabadora DVD EX.,1,A/602848,19-07-2006,A.RUIZ,,WEBFACTORY
418,AULA MAGNA,P.D.A.,1,A/602850,19-07-2006,A.RUIZ,,WEBFACTORY
419,AULA MAGNA,AGENDA ELECTRONICA,1,A/602851,19-07-2006,A.RUIZ,,WEBFACTORY
420,EL CORTE INGLES,A/A PORTATIL MONOBLOCK,1,95063525,06-07-2006,CARMELO,,
421,EL CORTE INGLES,A/A PORTATIL MONOBLOCK,1,95063659,07-07-2006,CORDERO,,
422,AULA MAGNA,MEMORIA PORTÁTIL,1,A/601299,03-04-2006,,,
423,EL CORTE INGLES,"TFT 20"" SAMSUNG",1,6062027236,08-09-2006,A.RUIZ,,WEBFACTORY
424,J.C.CAPOTE PRIETO,TELÉFONO,1,A/341,27-07-2006,???????????,,
425,DOMINON TECN.INFORM.,ORDENADOR HP PROLIANT DL145G2,1,ASMZS/400-06,31-10-2006,PROY.QUIVIR,,
426,DOMINON TECN.INFORM.,ORDENADOR HP PROLIANT DL145G2,1,ASMZS/400-06,31-10-2006,PROY.QUIVIR,,
427,DOMINON TECN.INFORM.,ORDENADOR HP PROLIANT DL145G2,1,ASMZS/400-06,31-10-2006,PROY.QUIVIR,,
428,DOMINON TECN.INFORM.,ORDENADOR HP PROLIANT DL145G2,1,ASMZS/400-06,31-10-2006,PROY.QUIVIR,,
429,DIGA  S.L.,SWITCH HP PROCURVE 1800,1,6/23870,25-10-2006,PROY.QUIVIR,,
430,DIGA  S.L.,SAI LIEBERT Y SWITCH HP PROCURVE,1,6/23870,25-10-2006,PROY.QUIVIR,,
431,DIGA  S.L.,ARMARIO RACK 24U/800 FONDO,1,6/23870,25-10-2006,PROY.QUIVIR,,
432,PRODEL  EQUIP. DIDACTICO,EQUIPO DE EXPERIMENTACIÓN,1,650/06,07-11-2006,PROY.QUIVIR,,
433,AULA MAGNA,ORDENADOR AMD ATHLON X2 4200,1,A/603911,22-09-2006,MAITE,,
434,ELECTRM.MIGUEL MACHO,PORTÁTIL,1,548,06-11-2006,,,
435,AULA MAGNA,DISCO DURO EXTERNO 300 GB,1,A/604676,02-11-2006,,,
436,AULA MAGNA,DISCO DURO EXTERNO 300 GB,1,A/604676,02-11-2006,,,
437,AULA MAGNA,DISCO DURO EXTERNO 300 GB,1,A/604676,02-11-2006,,,
438,TEKNOSERVICE,TTL PENTIUM 4 CORE 2DUO,1,F6/1292,17-10-2006,A.RUIZ,,WEBFACTORY
439,TEKNOSERVICE,TTL PENTIUM 4 CORE 2DUO,1,F6/1292,17-10-2006,A.RUIZ,,WEBFACTORY
440,TEKNOSERVICE,TTL PENTIUM 4 CORE 2DUO,1,F6/1292,17-10-2006,A.RUIZ,,WEBFACTORY
441,DIGA  S.L.,"TFT 17"" LG1718",1,6/23870,25-10-2006,PROY.QUIVIR,,
442,AULA MAGNA,PORTATIL ACER 5101 AWLMI,1,A/603913,22-09-2006,BAJA ROBO,,BAJA
443,AULA MAGNA,PORTATIL ACER 5101 AWLMI,1,A/603913,22-09-2006,DPTO.,,
444,AULA MAGNA,IMPRESORA HP LASERJET 4250,1,A/604741,07-11-2006,PLANTA BAJA,,
445,AULA MAGNA,"HD USB 80 GB (25`"")",1,A/604747,07-11-2006,,,
446,AULA MAGNA,"HD USB 160 GB (35`"")",1,A/604746,07-11-2006,,,
447,MDR COMPUTER,DISCO DURO EXTERNO 320 GB,1,3351,09-11-2006,,,
448,AULA MAGNA,PORTÁTIL HP NX 9420,1,A/604843,09-11-2006,,,
449,AULA MAGNA,PORTÁTIL SANSUNG PX60CV02,1,A/604843,09-11-2006,,,
450,AULA MAGNA,"MONITOR 20""LGL204WT-SF",1,A/604674,02-11-2006,PABLO FDEZ,,WEBFACTORY
451,AULA MAGNA,"TFT 19"" HACER",1,A/604794,08-11-2006,V.J. DIAZ,,ITALICA
452,AULA MAGNA,PORTÁTIL HACER ASPIRE 5101,1,A/604845,09-11-2006,JAVI ORTEGA,,
453,AULA MAGNA,PORTÁTIL TOSHIBA TECRA A8-144,1,A/604845,09-11-2006,V.J. DIAZ,,ITALICA
454,AULA MAGNA,PORTÁTIL FUJITSU SI 1250-017,1,A/604845,09-11-2006,V.CARRILLO,,ITALICA
455,AULA MAGNA,PORTÁTIL HACER ASPIRE 5101,1,A/604845,09-11-2006,ENRIQUEZ DE S,,
456,J.C.CAPOTE PRIETO,TELÉFONO,1,,,?????????,,
457,J.C.CAPOTE PRIETO,TELÉFONO,1,,,?????????,,
458,AULA MAGNA,TABLET DOCKING STATION,1,A/604743,09-11-2006,A.RUIZ,,WEBFACTORY
459,AULA MAGNA,PROGRAM EXCHAGE SERVER ENGLISH,1,A/604676,02-11-2006,DPTO.SERVER,,
460,AULA MAGNA,SAI,1,A/608250,20-11-2006,PABLO FDEZ,,WEBFACTORY
461,AULA MAGNA,SAI,1,A/608250,20-11-2006,PABLO FDEZ,,WEBFACTORY
462,SADIEL,SERVIDOR HP PROLIANT ML370,1,F06/11/0153,,CORDERO,,
463,SADIEL,SERVIDOR HP PROLIANT DL380,1,F06/11/0152,,CORDERO,,
464,AULA MAGNA,DISCO DURO EXT. 80 GB,1,A/608250,20-11-2006,OCTAVIO,,
465,AULA MAGNA,DISCO DURO EXT. 80 GB,1,A/608250,20-11-2006,M.TORO,,WEBFACTORY
551,AULA MAGNA,PORTATIL FUJITSU-SIEMENS Pi 1536,1,A/701619,07-03-2007,BAJA,,BAJA
552,MSDN ACADEMIC ALLIANCE,PROGRAMA INFORMATICO,1,U52157420000,22-02-2007,DPTO.,,
553,SENSONS & COMPANY INC,RECEPTORES G.P.S.,1,81694/2007,08-04-2007,J.A.ALVAREZ,,
554,SENSONS & COMPANY INC,RECEPTORES G.P.S.,1,81694/2007,08-04-2007,J.A.ALVAREZ,,
555,TEKNOSERVICE,ORDENADOR TTL CORE 2 DUO,1,F7/0656,08-05-2007,IRENE BARBA,,
556,TEKNOSERVICE,ORDENADOR TTL CORE 2 DUO,1,F7/0656,08-05-2007,J.MªGARCIA,,
557,TEKNOSERVICE,ORDENADOR TTL CORE 2 DUO,1,F7/0656,08-05-2007,PABLO FDEZ.,,WEBFACTORY
558,TEKNOSERVICE,ORDENADOR TTL CORE 2 DUO,1,F7/0656,08-05-2007,M.RESINAS,,WEBFACTORY
559,TEKNOSERVICE,ORDENADOR TTL CORE 2 DUO,1,F7/0656,08-05-2007,D.BORREGO,,
560,TEKNOSERVICE,ORDENADOR TTL CORE 2 DUO,1,F7/0656,08-05-2007,JAVI ORTEGA,,
561,TEKNOSERVICE,ORDENADOR TTL CORE 2 DUO,1,F7/0656,08-05-2007,A.AUMAITRE,,
562,SENSONS & COMPANY INC,RECEPTORES G.P.S.,1,81694/2007,08-04-2007,J.A.ALVAREZ,,
563,TEKNOSERVICE,MONITOR 19” TFT AOC LM,1,F7/0656,08-05-2007,IRENE BARBA,,
564,TEKNOSERVICE,MONITOR 19” TFT AOC LM,1,F7/0656,08-05-2007,J.MªGARCIA,,
565,TEKNOSERVICE,MONITOR 19” TFT AOC LM,1,F7/0656,08-05-2007,PABLO FDEZ.,,WEBFACTORY
566,TEKNOSERVICE,MONITOR 19” TFT AOC LM,1,F7/0656,08-05-2007,M.RESINAS,,WEBFACTORY
567,TEKNOSERVICE,MONITOR 19” TFT AOC LM,1,F7/0656,08-05-2007,D.BORREGO,,
568,TEKNOSERVICE,MONITOR 19” TFT AOC LM,1,F7/0656,08-05-2007,JAVI ORTEGA,,
569,TEKNOSERVICE,MONITOR 19” TFT AOC LM,1,F7/0656,08-05-2007,A.AUMAITRE,,
570,TEKNOSERVICE,CPU TTL CORE 2 DUO,1,F7/0743,25-05-2007,TOÑI REINA,,
571,ADITEL,PROGRAMA SUSE 10 ENTERPRISE +KIT,1,IN-47,31-05-2007,DPTO.,,DPTO.
572,AULA MAGNA,DISCO DURO EXT. 250 Gb 7200 rpm,1,A/703144,19-06-2007,DPTO.,,DPTO.
573,AULA MAGNA,DISCO DURO EXT. 160 Gb 7200 rpm,1,A/703144,19-06-2007,DPTO.,,DPTO.
574,AULA MAGNA,DISCO DURO EXT. 500 Gb SATA,1,A/703144,19-06-2007,DPTO.,,DPTO.
575,AULA MAGNA,PORTATIL TOSHIBA,1,,,CARMELO,,
576,AULA MAGNA,IMPRESORA,1,,,CARMELO,,
577,TEKNOSERVICE,CPU TTL CORE 2 DUO TTL-816515,1,F7/0935,03-07-2007,V.CARRILLO,,ITALICA
578,AULA MAGNA,PDA SMARTPHONE HTC P3600 TRINITY,1,A/703345,28-06-2007,A. RUIZ,,WEBFACTORY
579,AULA MAGNA,VIDEOPROYECTOR EPSON EMP-1715,1,A/703344,28-06-2007,A. RUIZ,,WEBFACTORY
580,AULA MAGNA,PORTATIL ASUS Z53F,1,A/703148,19-06-2007,A. RUIZ,,WEBFACTORY
581,AULA MAGNA,PORTATIL TOSH.Satellitepro U200-10D,1,A/703142,19-06-2007,A. RUIZ,,WEBFACTORY
466,AULA MAGNA,IMPRESORA HP F380,1,A/608250,20-11-2006,D.RUIZ,,WEBFACTORY
467,AULA MAGNA,SAI,1,A/608250,20-11-2006,D.RUIZ,,WEBFACTORY
468,J.C.CAPOTE PRIETO,TELÉFONO SIEMENS GIGASET 140 BL,1,A/485,15-11-2006,?????????,,
364,AULA MAGNA,ORDEN PENTIUM IV,1,A/503731,02-11-2005,RIQUELME,,
721,DIGA S.L.,SAI LIEBERT GTX2-1500RT-230,1,8/2042,03-06-2008,CARMELO,,
722,DIGA S.L.,SAI LIEBERT GTX2-1500RT-230,1,8/2042,03-06-2008,CARMELO,,
723,TEKNOSERVICE,CPU TTL  Nº SERIE 818898,1,F8/0655,03-06-2008,SERGIO POZO,,
724,TEKNOSERVICE,CPU TTL  Nº SERIE 818899,1,F8/0655,03-06-2008,D.MATEOS,,
725,TEKNOSERVICE,CPU TTL  Nº SERIE 818904,1,F8/0655,03-06-2008,P.TRINIDAD,,BAJA POR AVERIA
726,TEKNOSERVICE,CPU TTL  Nº SERIE 818905,1,F8/0655,03-06-2008,LUISA ROMERO,,
727,TEKNOSERVICE,CPU TTL  Nº SERIE 818906,1,F8/0655,03-06-2008,AMADOR,,WEBFACTORY
728,TEKNOSERVICE,CPU TTL  Nº SERIE 818907,1,F8/0655,03-06-2008,SECRETARIA,LOLA,G.PROYECTOS
729,TEKNOSERVICE,CPU TTL  Nº SERIE 818908,1,F8/0655,03-06-2008,PACO FERRER,,BAJA
730,TEKNOSERVICE,CPU TTL  Nº SERIE 818909,1,F8/0655,03-06-2008,C.A.GªVALLEJO,,
731,AULA MAGNA,ORDENADOR MONTADO INTEL,1,A/800806,20-04-2008,CORCHU,,
732,TEKNOSERVICE,CPU TTL  Nº SERIE 818914,1,F8/0666,04-06-2008,I.NEPOMUCENO,,
733,AULA MAGNA,PDA SMARTPHONE HTC TOUCH CRUISER,1,A/801336,10-06-2008,CARMELO,,
734,POVER POCRE,"MONITOR 19"" TFT Serie L1960WTQSFDVI",1,57,19-05-2008,RIQU-RAUL,,G.PROYECTOS
735,AULA MAGNA,"MONITOR 22"" TFT-Serie TD22H9XQ507718",1,A/801382,14-06-2008,RIQU.ROBERTO,,G.PROYECTOS
736,TEKNOSERVICE,ORDENADORMICRO E8400,1,F8/0667,04-06-2008,J.TORRES,,
737,POVER POCRE,ESCANNER HP SCANJET 5530,1,62,03-06-2008,RIQUELME,,
738,URENDE,IMPRESORA MULTIFUNDIÓN hp C5280,1,26176,21-07-2008,RIQUELME,,
739,AULA MAGNA,IMPRESORA EPSON MULTIFUNC.DX7400,1,A/7801522,24-06-2008,CARMELO,,
740,AULA MAGNA,IMPRESORA EPSON MULTIFUNC.DX7400,1,A/7801522,24-06-2008,CARMELO,,
741,AULA MAGNA,IMPRESORA EPSON MULTIFUNC.DX7400,1,A/7801522,24-06-2008,CARMELO,,
742,AULA MAGNA,FRIGORIFICO LINKX NG 4FE24B00,1,A/801335,10-06-2008,SALA ESTAR,,
743,AULA MAGNA,PORTATIL hp 6710b,1,A/802019,22-08-2008,A.FDEZ.MONTES,,
744,ANTALIS,SILLÓN DIRECCIÓN A031 PIEL NG,1,111248,19-09-2008,J.TORRES,,
745,AULA MAGNA,MICROONDAS C7GRILL SCHEN.MW3G,1,A/801335,10-06-2008,SALA ESTAR,,
746,EL CORTE INGLES,SILLA ERGO TANGO,1,91577729,27-06-2008,DAVID RUIZ,,
747,DELL COMPUTER  S.A.,SERVIDOR PE R200 QUAD CORE XEON,1,2400840279,04-06-2008,GASCA/RIQUELME,,
748,AULA MAGNA,PORTATIL FUJITSU SIEMENS S6410,1,A/801512,24-06-2008,DAVID RUIZ,,WEBFACTORY
749,AULA MAGNA,ORDENADOR MONTADO INTEL CORE 2DUO(TORRE),1,A/801515,24-06-2008,DAVID RUIZ,,WEBFACTORY
750,AULA MAGNA,"MONITOR 22"" SAMSUNG SM-226BW",1,A/801516,24-06-2008,DAVID RUIZ,,WEBFACTORY
751,AULA MAGNA,"MONITOR 20""TFT PHILIPS 200VW8FB",1,A/802579,25-09-2008,AY.PRACTICAS,,
752,AULA MAGNA,"MONITOR 20""TFT PHILIPS 200VW8FB",1,A/802579,25-09-2008,AY.PRACTICAS,,
753,AULA MAGNA,"MONITOR 20""TFT PHILIPS 200VW8FB",1,A/802579,25-09-2008,AY.PRACTICAS,,
754,AULA MAGNA,"MONITOR 20""TFT PHILIPS 200VW8FB",1,A/802579,25-09-2008,AY.PRACTICAS,,
755,AULA MAGNA,"MONITOR 20""TFT PHILIPS 200VW8FB",1,A/802579,25-09-2008,AY.PRACTICAS,,
756,AULA MAGNA,"MONITOR 20""TFT PHILIPS 200VW8FB",1,A/802579,25-09-2008,AY.PRACTICAS,,
757,AULA MAGNA,"MONITOR 20""TFT PHILIPS 200VW8FB",1,A/802579,25-09-2008,AY.PRACTICAS,,
758,AULA MAGNA,"MONITOR 20""TFT PHILIPS 200VW8FB",1,A/802579,25-09-2008,AY.PRACTICAS,,
759,AULA MAGNA,"MONITOR 20""TFT PHILIPS 200VW8FB",1,A/802579,25-09-2008,AY.PRACTICAS,,
760,AULA MAGNA,"MONITOR 20""TFT PHILIPS 200VW8FB",1,A/802579,25-09-2008,AY.PRACTICAS,,
761,AULA MAGNA,"MONITOR 20""TFT PHILIPS 200VW8FB",1,A/802579,25-09-2008,AY.PRACTICAS,,
762,AULA MAGNA,"MONITOR 20""TFT PHILIPS 200VW8FB",1,A/802579,25-09-2008,AY.PRACTICAS,,
763,AULA MAGNA,"MONITOR 20""TFT PHILIPS 200VW8FB",1,A/802579,25-09-2008,AY.PRACTICAS,,
764,AULA MAGNA,"MONITOR 20""TFT PHILIPS 200VW8FB",1,A/802579,25-09-2008,AY.PRACTICAS,,
765,AULA MAGNA,"MONITOR 20""TFT PHILIPS 200VW8FB",1,A/802579,25-09-2008,AY.PRACTICAS,,
766,AULA MAGNA,"MONITOR 20""TFT PHILIPS 200VW8FB",1,A/802579,25-09-2008,AY.PRACTICAS,,
767,AULA MAGNA,"MONITOR 20""TFT PHILIPS 200VW8FB",1,A/802579,25-09-2008,AY.PRACTICAS,,
768,AULA MAGNA,"MONITOR 20""TFT PHILIPS 200VW8FB",1,A/802579,25-09-2008,AY.PRACTICAS,,
769,AULA MAGNA,"MONITOR 20""TFT PHILIPS 200VW8FB",1,A/802579,25-09-2008,AY.PRACTICAS,,
770,AULA MAGNA,"MONITOR 20""TFT PHILIPS 200VW8FB",1,A/802579,25-09-2008,AY.PRACTICAS,,
771,AULA MAGNA,"MONITOR 20""TFT PHILIPS 200VW8FB",1,A/802579,25-09-2008,AY.PRACTICAS,,
772,AULA MAGNA,"MONITOR 20""TFT PHILIPS 200VW8FB",1,A/802579,25-09-2008,AY.PRACTICAS,,
773,AULA MAGNA,"MONITOR 20""TFT PHILIPS 200VW8FB",1,A/802579,25-09-2008,AY.PRACTICAS,,
774,AULA MAGNA,"MONITOR 20""TFT PHILIPS 200VW8FB",1,A/802579,25-09-2008,AY.PRACTICAS,,
775,AULA MAGNA,"MONITOR 20""TFT PHILIPS 200VW8FB",1,A/802579,25-09-2008,AY.PRACTICAS,,
776,AULA MAGNA,"MONITOR 20""TFT PHILIPS 200VW8FB",1,A/802579,25-09-2008,AY.PRACTICAS,,
777,AULA MAGNA,"MONITOR 20""TFT PHILIPS 200VW8FB",1,A/802579,25-09-2008,AY.PRACTICAS,,
778,AULA MAGNA,"MONITOR 20""TFT PHILIPS 200VW8FB",1,A/802579,25-09-2008,AY.PRACTICAS,,
779,AULA MAGNA,"MONITOR 20""TFT PHILIPS 200VW8FB",1,A/802579,25-09-2008,AY.PRACTICAS,,
780,AULA MAGNA,"MONITOR 20""TFT PHILIPS 200VW8FB",1,A/802579,25-09-2008,AY.PRACTICAS,,
781,AULA MAGNA,"MONITOR 20""TFT PHILIPS 200VW8FB",1,A/802579,25-09-2008,AY.PRACTICAS,,
782,AULA MAGNA,"MONITOR 20""TFT PHILIPS 200VW8FB",1,A/802579,25-09-2008,AY.PRACTICAS,,
783,AULA MAGNA,"MONITOR 20""TFT PHILIPS 200VW8FB",1,A/802579,25-09-2008,AY.PRACTICAS,,
784,AULA MAGNA,"MONITOR 20""TFT PHILIPS 200VW8FB",1,A/802579,25-09-2008,AY.PRACTICAS,,
785,AULA MAGNA,"MONITOR 20""TFT PHILIPS 200VW8FB",1,A/802579,25-09-2008,AY.PRACTICAS,,
786,AULA MAGNA,"MONITOR 20""TFT PHILIPS 200VW8FB",1,A/802579,25-09-2008,AY.PRACTICAS,,
787,AULA MAGNA,"MONITOR 20""TFT PHILIPS 200VW8FB",1,A/802579,25-09-2008,AY.PRACTICAS,,
788,AULA MAGNA,"MONITOR 20""TFT PHILIPS 200VW8FB",1,A/802579,25-09-2008,AY.PRACTICAS,,
789,AULA MAGNA,"MONITOR 20""TFT PHILIPS 200VW8FB",1,A/802579,25-09-2008,AY.PRACTICAS,,
790,AULA MAGNA,"MONITOR 20""TFT PHILIPS 200VW8FB",1,A/802579,25-09-2008,AY.PRACTICAS,,
791,AULA MAGNA,"MONITOR 20""TFT PHILIPS 200VW8FB",1,A/802579,25-09-2008,AY.PRACTICAS,,
792,AULA MAGNA,"MONITOR 20""TFT PHILIPS 200VW8FB",1,A/802579,25-09-2008,AY.PRACTICAS,,
793,AULA MAGNA,"MONITOR 20""TFT PHILIPS 200VW8FB",1,A/802579,25-09-2008,AY.PRACTICAS,,
794,AULA MAGNA,"MONITOR 20""TFT PHILIPS 200VW8FB",1,A/802579,25-09-2008,AY.PRACTICAS,,
795,AULA MAGNA,"MONITOR 20""TFT PHILIPS 200VW8FB",1,A/802579,25-09-2008,AY.PRACTICAS,,
796,AULA MAGNA,"MONITOR 20""TFT PHILIPS 200VW8FB",1,A/802579,25-09-2008,AY.PRACTICAS,,
797,AULA MAGNA,"MONITOR 20""TFT PHILIPS 200VW8FB",1,A/802579,25-09-2008,AY.PRACTICAS,,
798,AULA MAGNA,"MONITOR 20""TFT PHILIPS 200VW8FB",1,A/802579,25-09-2008,AY.PRACTICAS,,
799,AULA MAGNA,"MONITOR 20""TFT PHILIPS 200VW8FB",1,A/802579,25-09-2008,AY.PRACTICAS,,
800,AULA MAGNA,"MONITOR 20""TFT PHILIPS 200VW8FB",1,A/802579,25-09-2008,AY.PRACTICAS,,
801,AULA MAGNA,"MONITOR 20""TFT PHILIPS 200VW8FB",1,A/802579,25-09-2008,AY.PRACTICAS,,
802,AULA MAGNA,"MONITOR 20""TFT PHILIPS 200VW8FB",1,A/802579,25-09-2008,AY.PRACTICAS,,
803,ANTALIS,SILLÓN PIEL LYON 10,1,111269,19-09-2008,J.A.ORTEGA,,
804,DELL COMPUTER,ORDENADOR STUDIO DESKTOP 540ST,1,2400885975,27-10-2008,B.PONTES,,
805,AULA MAGNA,P D A - MOVIL,1,A/802983,28-10-2008,J.A.ALVAREZ,,
806,AULA MAGNA,"MONITOR 20""TFT SAMSUNG 2043NW",1,A/800866,21-04-2008,CARMELO,,
807,AULA MAGNA,"MONITOR 20""TFT SAMSUNG 2043NW",1,A/800866,21-04-2008,CARMELO,,
808,ANTALIS,DESTRUCTORA REXEL MOD. ALPHA,1,113609,31-10-2008,G.ISA,,
809,ANTALIS,DESTRUCTORA REXEL MOD. ALPHA,1,113609,31-10-2008,G.ISA,,
810,ANTALIS,DESTRUCTORA REXEL MOD. ALPHA,1,113609,31-10-2008,G.ISA,,
811,ANTALIS,DESTRUCTORA REXEL MOD. ALPHA,1,113609,31-10-2008,G.ISA,,
812,AULA MAGNA,ORDENADOR PERSONAL PDA,1,A/803339,27-11-2008,V.CARRILLO,,ITALICA
813,AULA MAGNA,ORDENADOR PERSONAL PDA,1,A/803339,27-11-2008,J.A.TROYANO,,
814,ANTALIS,CIZALLA A4 ABS,1,113489,31-10-2008,V.J. DIAZ,,ITALICA
815,AULA MAGNA,MEMORIA KINGSTON KIT 8GB SERVIDOR,1,A/803091,11-11-2008,H.I.488 DPTO.,,
816,SERVICIOS Y PROD.INFORM,SERVIDOR SUNFIRE X4140 X64,1,FVA0900047,14-11-2008,DPTO.,,DPTO.
817,AULA MAGNA,"MONITOR TFT 19 "" SAMSUNG",1,A/803092,11-11-2008,CARMELO,,
818,AULA MAGNA,SERVIDOR HP PROLIANT ML110G5,1,A/803088,11-11-2008,CARMELO,,
819,AULA MAGNA,"MONITOR TFT 19"" AOC 916SWA",1,A/803200,20-11-2008,DPTO.,,DPTO.
820,AULA MAGNA,FAX SAMSUNG 370,1,A/803200,20-11-2008,DPTO.,,DPTO.
821,AULA MAGNA,IMPRESORA BROTHER MULTIFUNCIÓN,1,A/803200,20-11-2008,DPTO.,,DPTO.
822,AULA MAGNA,ORD.PORTÁTIL CORE 2 DUO P9400,1,A/803394,04-12-2008,V.J. DIAZ,,ITALICA
823,ANTALIS,IMPRESORA HP DESKJET 6940,1,114069,10-11-2001,RIQUELME,,
824,ANTALIS,IMPR.MULTIF.EPSON STYLUS SX105-MF,1,114069,10-11-2001,RIQUELME,,
825,ANTALIS,IMPR.MULTIF.EPSON STYLUS SX405-MF,1,114071,10-11-2001,G.QUIVIR,,
826,ANTALIS,IMPRESORA HP MF M1120,1,114070,10-11-2001,G.ISA,,
827,ANTALIS,IMPRESORA HP PHOTOSMART C6380AIO,1,114072,10-11-2001,G.ISA,,
828,DELL COMPUTER,MONITOR  DELL TC099 DVI-D,1,2400885975,27-10-2008,B.PONTES,,
829,AULA MAGNA,ORD.MONTADO INTEL CORE 2 E7200BOX,1,A/803340,27-11-2008,AUMAITRE,,
830,TEKNOSERVICE,"PIZ. SMART BOARD SB680 77""C/SOPORT",1,F8/1295,26-11-2008,AY.PRACT.,,
831,TEKNOSERVICE,"PIZ. SMART BOARD SB680 77""C/SOPORT",1,F8/1295,26-11-2008,AY.PRACT.,,
832,TEKNOSERVICE,PROYECTOR EPSON EMP400W+SOPORT,1,F8/1296,26-11-2008,AY.PRACT.,,
833,TEKNOSERVICE,PROYECTOR EPSON EB-1720,1,F8/1298,26-11-2008,AY.PRACT.,,
834,AULA MAGNA,DESTRUCTORA DE PAPEL REXEL 400S26,1,A/803391,03-12-2008,DPTO.,,DPTO.
835,AULA MAGNA,ORD.PORTÁTIL SAMSUNG Q310 AS01ES,1,A/803392,03-12-2008,DPTO-LOLA.,,DPTO.
836,ANTALIS,IMPRESORA MULTI.CANON MP1901,1,114111,10-11-2008,G.QUIVIR,,QUIVIR
837,ANTALIS,SILLON DIRECCIÓN CONSULTA:12327,1,115247,28-11-2008,PROF.DPTO.,,DPTO.
838,ANTALIS,SILLON DIRECCIÓN CONSULTA:12327,1,115247,28-11-2008,PROF.DPTO.,,DPTO.
839,ANTALIS,SILLON DIRECCIÓN CONSULTA:12327,1,115247,28-11-2008,PROF.DPTO.,,DPTO.
840,ANTALIS,SILLON DIRECCIÓN CONSULTA:12327,1,115247,28-11-2008,PROF.DPTO.,,DPTO.
841,ANTALIS,SILLON DIRECCIÓN CONSULTA:12327,1,115247,28-11-2008,PROF.DPTO.,,DPTO.
842,ANTALIS,SILLON DIRECCIÓN CONSULTA:12327,1,115247,28-11-2008,PROF.DPTO.,,DPTO.
843,ANTALIS,SILLON DIRECCIÓN CONSULTA:12327,1,115247,28-11-2008,PROF.DPTO.,,DPTO.
844,ANTALIS,SILLON DIRECCIÓN CONSULTA:12327,1,115247,28-11-2008,PROF.DPTO.,,DPTO.
845,ANTALIS,SILLON DIRECCIÓN CONSULTA:12327,1,115247,28-11-2008,PROF.DPTO.,,DPTO.
846,ANTALIS,SILLON DIRECCIÓN CONSULTA:12327,1,115247,28-11-2008,PROF.DPTO.,,DPTO.
847,ANTALIS,SILLON DIRECCIÓN CONSULTA:12327,1,115247,28-11-2008,PROF.DPTO.,,DPTO.
848,ANTALIS,SILLON DIRECCIÓN CONSULTA:12327,1,115247,28-11-2008,PROF.DPTO.,,DPTO.
849,ANTALIS,SILLON DIRECCIÓN CONSULTA:12327,1,115247,28-11-2008,PROF.DPTO.,,DPTO.
850,ANTALIS,SILLON DIRECCIÓN CONSULTA:12327,1,115247,28-11-2008,PROF.DPTO.,,DPTO.
851,ANTALIS,SILLON DIRECCIÓN CONSULTA:12327,1,115247,28-11-2008,PROF.DPTO.,,DPTO.
852,ANTALIS,SILLON DIRECCIÓN CONSULTA:12327,1,115247,28-11-2008,PROF.DPTO.,,DPTO.
853,ANTALIS,SILLON DIRECCIÓN CONSULTA:12327,1,115247,28-11-2008,PROF.DPTO.,,DPTO.
854,ANTALIS,SILLON DIRECCIÓN CONSULTA:12327,1,115247,28-11-2008,PROF.DPTO.,,DPTO.
855,ANTALIS,SILLON DIRECCIÓN CONSULTA:12327,1,115247,28-11-2008,PROF.DPTO.,,DPTO.
856,ANTALIS,SILLON DIRECCIÓN CONSULTA:12327,1,115247,28-11-2008,PROF.DPTO.,,DPTO.
857,ANTALIS,SILLON DIRECCIÓN CONSULTA:12327,1,115247,28-11-2008,PROF.DPTO.,,DPTO.
858,ANTALIS,SILLON DIRECCIÓN CONSULTA:12327,1,115247,28-11-2008,PROF.DPTO.,,DPTO.
859,ANTALIS,SILLON DIRECCIÓN CONSULTA:12327,1,115247,28-11-2008,PROF.DPTO.,,DPTO.
860,ANTALIS,SILLON DIRECCIÓN CONSULTA:12327,1,115247,28-11-2008,PROF.DPTO.,,DPTO.
861,ANTALIS,SILLON DIRECCIÓN CONSULTA:12327,1,115247,28-11-2008,PROF.DPTO.,,DPTO.
862,AULA MAGNA,MODULO FAX PARA IMPRES.KONICA,1,A/803456,10-12-2008,DPTO.,,DPTO.
863,ANTALIS,IMPRESORA HP VINZEO MFT060,1,115354,03-12-2008,J.A.ORTEGA,,
864,AULA MAGNA,ORD.MONTADO INTEL CORE 2 DUO 8400,1,A/803533,18-12-2008,M.MEJIAS,,
865,AULA MAGNA,ORD.MONTADO INTEL CORE 2 DUO 8400,1,A/803533,18-12-2008,J.PEREZ,,
866,AULA MAGNA,ORD.MONTADO INTEL CORE 2 DUO 8400,1,A/803533,18-12-2008,M.TORO,,
867,AULA MAGNA,ORD.MONTADO INTEL CORE 2 DUO 8400,1,A/803533,18-12-2008,J.A.NEPOMUCE,,
868,AULA MAGNA,ORD.MONTADO INTEL CORE 2 DUO 8400,1,A/803533,18-12-2008,A.RUIZ,,
869,SERV.Y PROD.INFORM.S.A.,TARJ. DE RED ETHERNET PARA H.I.589,1,FVA0900076,19-12-2008,CORDERO,,
870,AULA MAGNA,SAI MERLINGERIN EVOLUTION 2000RTU2,1,A/803523,17-12-2008,FINAL 2008,,
871,AULA MAGNA,ORD.PORTATIL ASUS X59SL-AP925,1,A/803523,17-12-2008,FINAL 2008,,
872,AULA MAGNA,"DISCO DURO INT.3 5"" SAS  300 GB-H.I.600",1,A/803523,17-12-2008,FINAL 2008,,
873,AULA MAGNA,ORD.MONTADO INTEL CORE 2 DUO 7200,1,A/803534,18-12-2008,FINAL 2008,,
874,AULA MAGNA,HUB SWITCH HP PROCURVE 2824-20PT,1,A/803521,17-12-2008,FINAL 2008,,
875,OFITA,ALA DE MESA XEMON,1,VAD/28001352,10-10-2008,A.RUIZ,,WEBFACTORY
876,AULA MAGNA,MONITOR TFT 19,1,A/900323,18/02/09,V.CARRILLO,,ITALICA
877,AULA MAGNA,IMPRESORA EPSON MULTIFUNCION,1,A/900168,26/01/09,B. BERNARDEZ,,WEBFACTORY
878,EL CORTE INGLES,SILLA OPERATIVA ERGONOMICA,1,91652591,10/03/2009,D.BENAVIDES,,
879,AULA MAGNA,PORT.TOSH.TECRA A10-14YNºZ8082098H,1,A/900780,04/04/2009,J. A. ORTEGA,,
880,AULA MAGNA,ORDENADOR HP DC 7900 H4B 500GB,1,A/900778,04/04/09,I.BARBA-GASCA,,
881,AULA MAGNA,ORDENADOR HP DC 7900 H4B 500GB,1,A/900778,04/04/09,I.BARBA-GASCA,,
882,AULA MAGNA,MONITOR 22”” ASUS VK222H,1,A/900778,04/04/09,I.BARBA-GASCA,,
883,AULA MAGNA,MONITOR 22”” ASUS VK222H,1,A/900778,04/04/09,I.BARBA-GASCA,,
884,AULA MAGNA,Portatil,1,A/900784,04/04/2009,FDO.DE LA ROSA,,
885,BEEP,MONITOR LCD 22 SANSUMG,1,A000291,27/04/2009,A. TALLÓN,,
886,AULA MAGNA,ORD.SOBR. HP DC5800-CZC83942YX,1,A/900969,30/04/2009,SECRETARIA,CAROL,
887,AULA MAGNA,ORD.SOBR. HP DC5800-CZC8393B9B,1,A/900969,30/04/2009,R.CARRASCO,,
888,AULA MAGNA,ORD.SOBR. HP DC5800-CZC8393B99,1,A/900969,30/04/2009,LOLA-SECRETARIA,,
889,AULA MAGNA,ORD.SOBR. HP DC5800-CZC850189J,1,A/900969,30/04/2009,R.CARRASCO,,
890,AULA MAGNA,ORD.SOBR. HP DC5800-CZC8501883,1,A/900969,30/04/2009,R.CARRASCO,,
891,AULA MAGNA,ORD.SOBR. HP DC5800-CZC850188R,1,A/900969,30/04/2009,R.CARRASCO,,
892,AULA MAGNA,ORDE. CLÓNICO PC Serie: 06525002,1,A/900952,24/04/2009,SERGIO POZO,,
893,GOLDEN MAC,ORDENADOR IMAC 24,1,SE/90847,25/03/2009,B. BERNARDEZ,,WEBFACTORY
894,AULA MAGNA,IMPRESORA HP JET J6410,1,A900796,06/04/2009,B. BERNARDEZ,,WEBFACTORY
895,GOLDEN MAC,IMAC CORE 2 DUO,1,SE/91374,29/05/2009,V.J. DIAZ,,ITALICA
896,GOLDEN MAC,IMAC BOOK 2 0 GHZ,1,SE/90981,13/04/2009,B. BERNARDEZ,,WEBFACTORY
897,EL CORTE INGLES,APPEL MACBOOK 13.3/2.4/2X1GB/50 SD,1,95188845,02/06/2009,ISABEL RAMOS,,
898,EL CORTE INGLES,"PTIL.TOSHIBA SATELITE U400-177 13 3""",1,95189210,04/06/2009,ISABEL RAMOS,,
899,MEDIA MARKT,LECTOR DE eBOOKS c/tarjeta digitali,1,60076965,25/05/2009,V.CARRILLO,,ITALICA
900,EL CORTE INGLES,PORTATIL TOSHIBA SATELITE U400-177,1,95189210F,04/06/2009,ESCALONA,,G.PROYECTOS
901,DELL COMPUTER,PORTATIL E4300 INTEL C2DUO-8HQ0C4J,1,2400960904,31/07/2009,RIQUELME,,
902,FIDETIA,ORD. MACINTOSH-Serie W89081S27WY,1,731/6/2009,24/06/2009,V.J. DIAZ,,ITALICA
903,EL CORTE INGLES,PORTÁTIL,1,95196796,18-08-2009,I.NEPOMUCENO,,
904,DELL COMPUTER,PORTATIL XPSM1530-0D501F701668AMO,1,2400959089,27-05-2009,R.M.GASCA,,
905,PRODEL,SIST.CONTROL PROCESOS FEEDBACK,1,FC090862,21-07-2009,R.M.GASCA,,
906,DELL COMPUTER,CLUSTER DE SERVIDORES(4SERV + 2SAI),1,2400983 064,06-08-2009,R.M.GASCA,,
907,AULA MAGNA,PORTÁTIL ASUS 1002HA-257399/8616,1,A/901514,30-06-2009,CORCHU,,
908,MUEVO  PROY.Y SIST.COM.,PTIL.SONY VAIO Z3IVN-P28279056-5000178,1,203,19-05-2009,A.RUIZ,,WEBFACTORY
909,DEISER,LICENCIAS DE ENTERPRISE ARCHITEC,1,A/215,23-06-2009,AY.PRACTICAS,,
910,MUNDO PDA,PDA,1,2009/006085,26-08-2009,J.A.ALVAREZ,,
911,CARREFOUR,IMPRESORA HP C5180,1,B090004307,02-09-2009,J.TORRES,,
912,DELL COMPUTER,PORT.LATITUDE E6500 INTEL CORE2 P8700,1,24000991110,17-09-2009,RAMOS/ESCALONA,,
913,DELL COMPUTER,SERV. PE R300 QUAD CORE XEON X3323,1,2400991110,17-09-2009,RAMOS/ESCALONA,,
914,DARTY,CARGADOR UNIVERSAL PORTÁTIL,1,945/001/LO76754,09-09-2009,J.A.ORTEGA,,
915,SMART-HOME-PRODUCTS,MOTOR X10 DOMÓTICO PARA CORTINA,1,20090401AMF,04-08-2009,J.A.ORTEGA,,
916,PRODEL,SIST.CONTROL PROCESOS FEEDBACK,1,,,R.M.GASCA,,
917,AULA MAGNA,PORTATIL SAMS. N110 KA02ES-KS600133,1,A/901866,07-09-2009,CARMELO,,
918,AULA MAGNA,PORTATIL SAMS. N110 KA02ES BS400347,1,A/901866,07-09-2009,CARMELO,,
919,AULA MAGNA,PORTATIL SAMS. N110 KA02ES BS400200,1,A/901866,07-09-2009,CARMELO,,
920,AULA MAGNA,PORTATIL SAMS. N110 KA02ES BS400242,1,A/901866,07-09-2009,CARMELO,,
921,MUEVO  PROY.Y SIST.COM.,"MONITOR SAMSUNG 24"" NW",1,378,29-09-2009,CARMELO,,
922,MUEVO  PROY.Y SIST.COM.,"MONITOR SAMSUNG 24"" NW",1,378,29-09-2009,CARMELO,,
923,MUEVO  PROY.Y SIST.COM.,PORTATIL ASUS NETBOOK 2 MG,1,298,31-07-2009,CARMELO,,
924,MUEVO  PROY.Y SIST.COM.,ORD.SAMSUNG N110-ZACK93KS600086,1,413,07-10-2009,V.J. DIAZ,,ITALICA
925,MUEVO  PROY.Y SIST.COM.,ORD.SAMSUNG N110-ZACK93KS600176,1,413,07-10-2009,V.J. DIAZ,,ITALICA
926,MUEVO  PROY.Y SIST.COM.,ORD.SAMSUNG N110-ZACK93KS600063,1,413,07-10-2009,V.J. DIAZ,,ITALICA
927,MUEVO  PROY.Y SIST.COM.,ORD. HP DC5800 MT,1,402,06-10-2009,DPTO.,,DPTO.
928,MUEVO  PROY.Y SIST.COM.,ORD. HP DC5800 MT,1,402,06-10-2009,DPTO.,,DPTO.
929,MUEVO  PROY.Y SIST.COM.,ORD. HP DC5800 MT,1,402,06-10-2009,DPTO.,,DPTO.
930,MUEVO  PROY.Y SIST.COM.,ORD. HP DC5800 MT,1,402,06-10-2009,DPTO.,,DPTO.
931,MUEVO  PROY.Y SIST.COM.,ORD. HP DC5800 MT,1,402,06-10-2009,DPTO.,,DPTO.
932,MUEVO  PROY.Y SIST.COM.,ORD. HP DC5800 MT,1,402,06-10-2009,DPTO.,,DPTO.
933,MUEVO  PROY.Y SIST.COM.,ORD. HP DC5800 MT,1,402,06-10-2009,DPTO.,,DPTO.
934,MUEVO  PROY.Y SIST.COM.,ORD. HP DC5800 MT,1,402,06-10-2009,DPTO.,,DPTO.
935,MUEVO  PROY.Y SIST.COM.,ORD. HP DC5800 MT,1,402,06-10-2009,DPTO.,,DPTO.
936,MUEVO  PROY.Y SIST.COM.,ORD. HP DC5800 MT,1,402,06-10-2009,DPTO.,,DPTO.
937,MUEVO  PROY.Y SIST.COM.,MONITOR SAMSUNG P2270,1,491,16-11-2009,J.TORRES,,
938,ANTALIS,SCANER CANON LIDE 200,1,112791,10-11-2009,M.CRUZ,,
939,MUEVO  PROY.Y SIST.COM.,PORTÁTIL HP 2CE929DHZK FU563ET ABE,1,405,06-10-2009,CORCHU,,
940,MUEVO  PROY.Y SIST.COM.,C.P.U. MUEBOX CHRONO INTEL 73986,1,425,16-10-2009,M.L.PARODY,,
941,MUEVO  PROY.Y SIST.COM.,MONITOR SAMS. P2250 LR22H9MS600503,1,425,16-10-2009,M.L.PARODY,,
942,RESCATE INFORMÁTICO S.L.,NETBOOK ASUS EEEPC 1008HA,1,9010847,23-10-2009,I.RAMOS,,G.PROYECTOS
943,SERV.Y PROD.INFORM.S.A.,SIST.SUN STORAGETEKHPLP04HALF-COPY,1,FV1000319,22-10-2009,DPTO.,,
944,ANTALIS,IMPRESORA HP OFFICEJET J4680 MFC IK,1,112692,10-11-2009,G.MINERVA,,
945,AQUIVIRA  S.A.,VIDEOPROYECTOR MISUBISHIXD221U,1,02C09-00071,17-11-2009,DPTO.,,DPTO.
946,MUEVO  PROY.Y SIST.COM.,IMPRESORA HP Q8444B MY98T211G605C8,1,490,16-11-2009,V.J. DIAZ,,ITALICA
947,PC-BOX,IMPRESORA MULTIFUNSIÓN LÁSER B/N,1,26/013728,25-11-2009,V.CARRILLO,,ITALICA
948,PAPELIA,ORDENADOR SONY,1,90,19-11-2009,RIQUELME,,
949,TEKNOSERVICE,SERVIDOR TTL MODULAR,1,F9/1062,24-11-2009,DPTO.,,DPTO.
950,MUEVO  PROY.Y SIST.COM.,"CARTELERA DIGITAK (TV) PRIMALIA 32""",1,503,26-11-2009,DPTO-,,DPTO.
951,MUEVO  PROY.Y SIST.COM.,PORTÁTIL VGN-Z51XG Ser:275077645000138,1,525,02-12-2009,RIQUELME,,
952,ANTALIS,IMPRESORA PHOTOSMART C8180-L25,1,719915,29-10-2009,J.A.ORTEGA,,
953,ANTALIS,IMPR.MULT. HP PHOTOSMART C8,1,719915,29-10-2009,J.A.ORTEGA,,
954,ANTALIS,IMPR.CANON MP560 3747B009,1,112926,27-11-2009,G.MINERVA,,
955,ANTALIS,IMPR.CB730B HP F2480MF,1,112989,27-11-2009,G.ITALICA,,ITALICA
956,ANTALIS,SILLON DIRECCIÓN SENAT,1,113267,30-112009,DPTO.,,DPTO.
957,ANTALIS,SILLON DIRECCIÓN SENAT,1,113267,30-112009,DPTO.,,DPTO.
972,MUEVO  PROY.Y SIST.COM.,IMPR.MULTIFUNCION BROTHER 490 CW,1,530,03-12-2009,DPTO.,,DPTO.
975,MUEVO  PROY.Y SIST.COM.,IMPR.MULTIFUNCION HP Q8444B,1,530,03-12-2009,DPTO.,,DPTO.
978,MUEVO  PROY.Y SIST.COM.,IMPR.MULTIFUNCION HP C4680,1,530,03-12-2009,DPTO.,,DPTO.
979,MUEVO  PROY.Y SIST.COM.,IMPR. CANON LBP3010,1,530,03-12-2009,DPTO.,,DPTO.
982,MUEVO  PROY.Y SIST.COM.,MONITOR LG W2243S-PF,1,535,04-12-2009,DPTO.,,DPTO.
984,MUEVO  PROY.Y SIST.COM.,"MONITOR HACER 23"" X243HQ",1,535,04-12-2009,DPTO.,,DPTO.
985,MUEVO  PROY.Y SIST.COM.,CPU ASUS PUNDIT P5N9300,1,538,10-12-2009,R.CARRASCO,,
987,MUEVO  PROY.Y SIST.COM.,CPU MUEVO INTEL XEON,1,567,21-12-2009,DOCTORADO,,
989,APPLE STORE,ORDENADOR PORTATIL MACBOOK PRO,1,9050559734,03-02-2010,J.A.ALVAREZ,,
992,TEKNOSERVICE,ORD.TTL INTEL PB DP55WB,1,F10/0151,03-03-2010,DPTO.,,DPTO.
994,TEKNOSERVICE,ORD.TTL INTEL PB DP55WB,1,F10/0151,03-03-2010,DPTO.,,DPTO.
996,TEKNOSERVICE,ORD.TTL INTEL PB DP55WB,1,F10/0151,03-03-2010,DPTO.,,DPTO.
958,ANTALIS,SILLON DIRECCIÓN SENAT,1,113267,30-112009,DPTO.,,DPTO.
959,ANTALIS,SILLON DIRECCIÓN SENAT,1,113267,30-112009,DPTO.,,DPTO.
960,ANTALIS,SILLON DIRECCIÓN SENAT,1,113267,30-112009,DPTO.,,DPTO.
961,ANTALIS,SILLON DIRECCIÓN SENAT,1,113267,30-112009,DPTO.,,DPTO.
962,ANTALIS,SILLON DIRECCIÓN SENAT,1,113267,30-112009,DPTO.,,DPTO.
963,ANTALIS,SILLON DIRECCIÓN SENAT,1,113267,30-112009,DPTO.,,DPTO.
964,ANTALIS,SILLON DIRECCIÓN SENAT,1,113267,30-112009,DPTO.,,DPTO.
965,ANTALIS,SILLON DIRECCIÓN SENAT,1,113267,30-112009,DPTO.,,DPTO.
966,ANTALIS,SILLON DIRECCIÓN SENAT,1,113267,30-112009,DPTO.,,DPTO.
967,ANTALIS,SILLON DIRECCIÓN SENAT,1,113267,30-112009,DPTO.,,DPTO.
968,ANTALIS,SILLON DIRECCIÓN SENAT,1,113267,30-112009,DPTO.,,DPTO.
969,ANTALIS,SILLON DIRECCIÓN SENAT,1,113267,30-112009,DPTO.,,DPTO.
970,ANTALIS,SILLON DIRECCIÓN SENAT,1,113267,30-112009,DPTO.,,DPTO.
971,ANTALIS,SILLON DIRECCIÓN SENAT,1,113267,30-112009,DPTO.,,DPTO.
973,MUEVO  PROY.Y SIST.COM.,IMPR.HP PHOTOSMART C4580,1,530,03-12-2009,DPTO.,,DPTO.
974,MUEVO  PROY.Y SIST.COM.,IMPR.BROTHER DCP585CW,1,530,03-12-2009,DPTO.,,DPTO.
976,MUEVO  PROY.Y SIST.COM.,IMPR.MULTIFUNCION HP CD055B,1,530,03-12-2009,DPTO.,,DPTO.
980,MUEVO  PROY.Y SIST.COM.,"MONITOR LG 22"" W2261VP-PF",1,535,04-12-2009,DPTO.,,DPTO.
981,MUEVO  PROY.Y SIST.COM.,MONITOR HACER X193HQB,1,535,04-12-2009,DPTO.,,DPTO.
983,MUEVO  PROY.Y SIST.COM.,"MONITOR LG 22"" M237WD-PZ",1,535,04-12-2009,DPTO.,,DPTO.
986,ORG.TECNOL.Y Sº(OTS),SILLON ERGOTANGO+REPOSACABEZA REG.,1,8717/2009,15-12-2009,ENRIQUEZ DE S.,,
988,GOLDEN MAC,ORD.21 5”CORE2Duo 3.06 SW89496UEB9U,1,SE/ 10455,05-02-2010,I.RAMOS,,
990,PIXELEE COMMUNICATIONS,PDA SAMSUNG OMNIA II,1,ABF517D69B594,13-01-2010,J.A.ALVAREZ,,
991,SURPAPEL  S.L.,IMPR. CANON PIXMA IP4700,1,M10-00003,05-02-2010,I.RAMOS,,
993,TEKNOSERVICE,ORD.TTL INTEL PB DP55WB,1,F10/0151,03-03-2010,DPTO.,,DPTO.
995,TEKNOSERVICE,ORD.TTL INTEL PB DP55WB,1,F10/0151,03-03-2010,DPTO.,,DPTO.
977,MUEVO  PROY.Y SIST.COM.,IMPR.MULTIFUNCION HP C4680,1,530,03-12-2009,DPTO.,,DPTO.
997,TEKNOSERVICE,ORD.TTL INTEL PB DP55WB,1,F10/0151,03-03-2010,DPTO.,,DPTO.
998,TEKNOSERVICE,"MONITOR TFT 22"" PHILIPS",1,F10/0151,03-03-2010,DPTO.,,DPTO.
999,TEKNOSERVICE,"MONITOR TFT 22"" PHILIPS",1,F10/0151,03-03-2010,DPTO.,,DPTO.
1000,TEKNOSERVICE,"MONITOR TFT 22"" PHILIPS",1,F10/0151,03-03-2010,DPTO.,,DPTO.
1001,TEKNOSERVICE,"MONITOR TFT 22"" PHILIPS",1,F10/0151,03-03-2010,DPTO.,,DPTO.
1002,TEKNOSERVICE,"MONITOR TFT 22"" PHILIPS",1,F10/0151,03-03-2010,DPTO.,,DPTO.
1003,TEKNOSERVICE,"MONITOR TFT 22"" PHILIPS",1,F10/0151,03-03-2010,DPTO.,,DPTO.
1004,URENDE,PORTATIL HP 210- SERIE1043,1,50378,06-03-2010,J.J.GUTIERREZ,,18.13.03.10.01
1005,MUEVO  PROY.Y SIST.COM.,PTIL. ASUS EEE-PC 1005HA(9BOAAS087511),1,87,19-02-2010,J.A.ORTEGA,,
1006,MUEVO  PROY.Y SIST.COM.,IMPRESORA MULTIF. HP J4580,1,140,12-03-2010,A.MENCHEN,,
1007,MUEVO  PROY.Y SIST.COM.,IMPRESORA MULTIF. CANON MP450,1,148,20-03-2010,Mª MAR MTNEZ.,,
1044,MUEVO  PROY.Y SIST.COM.,MONITOR SAMSUNG EX2220,1,586,29-11-2010,DPTO.,,DPTO.
1045,MUEVO  PROY.Y SIST.COM.,MONITOR SAMSUNG EX2220,1,586,29-11-2010,DPTO.,,DPTO.
1046,MUEVO  PROY.Y SIST.COM.,MONITOR SAMSUNG EX2220,1,586,29-11-2010,DPTO.,,DPTO.
1047,MUEVO  PROY.Y SIST.COM.,MONITOR SAMSUNG EX2220,1,586,29-11-2010,DPTO.,,DPTO.
1048,MUEVO  PROY.Y SIST.COM.,IMPRESORA MULTIFUNCIÓN HP M1210,1,593,30-11-2010,DAVID RUIZ,,DPTO.
1049,MUEVO  PROY.Y SIST.COM.,"DISCO DURO EXT.2 5 "" 640GB",1,597,30-11-2010,DPTO.,,DPTO.
1050,MUEVO  PROY.Y SIST.COM.,DISCO DURO EXT.2TB LACIE NETWRK SPACE,1,597,30-11-2010,DPTO.,,DPTO.
1051,MUEVO  PROY.Y SIST.COM.,DISCO DURO EXT.2TB LACIE NETWRK SPACE,1,597,30-11-2010,DPTO.,,DPTO.
343,RESCATE INFORMÁTICO,PORTÁ TOSHIBA SAT M40X-115 S65128774K,1,BAJA,DETERIORO,I.RAMOS,,G.PROYECTOS
1052,MUEVO  PROY.Y SIST.COM.,"DISCO DURO EXT.2TB 3 5""WETERN DIGITAL",1,597,30-11-2010,DPTO.,,DPTO.
1053,MUEVO  PROY.Y SIST.COM.,"DISCO DURO EXT.2TB 3 5""WETERN DIGITAL",1,597,30-11-2010,DPTO.,,DPTO.
1054,MUEVO  PROY.Y SIST.COM.,"DISCO DURO EXT.WETERN DIGITAL 1TB 2.5""",1,597,30-11-2010,DPTO.,,DPTO.
1055,TEKNOSERVICE,ORDENADOR TTL CORE 17-870,1,F10/1103,13-12-2010,DPTO.,,DPTO.
1056,TEKNOSERVICE,ORDENADOR TTL CORE 17-870,1,F10/1103,13-12-2010,DPTO.,,DPTO.
1057,TEKNOSERVICE,ORDENADOR TTL CORE 17-870,1,F10/1103,13-12-2010,DPTO.,,DPTO.
1058,TEKNOSERVICE,ORDENADOR TTL CORE 17-870,1,F10/1103,13-12-2010,DPTO.,,DPTO.
1059,TEKNOSERVICE,ORDENADOR TTL CORE 17-870,1,F10/1103,13-12-2010,DPTO.,,DPTO.
1060,MELCO  S.L.,MESA KALIDRO 140x60 CON CAJ. Y FALDON,1,01 635,09-12-2010,DPTO.,,DPTO.
1061,MELCO  S.L.,MESA KALIDRO 140x60 CON CAJ. Y FALDON,1,01 635,09-12-2010,DPTO.,,DPTO.
1062,MELCO  S.L.,SILLA REPLY,1,01 635,09-12-2010,DPTO.,,DPTO.
1063,MELCO  S.L.,SILLA REPLY,1,01 635,09-12-2010,DPTO.,,DPTO.
1064,MELCO  S.L.,ARMARIO UNIV. 80x198 P/PERS,1,01 635,09-12-2010,DPTO.,,DPTO.
1065,MELCO  S.L.,ARMARIO UNIV. 80x198 P/PERS,1,01 635,09-12-2010,DPTO.,,DPTO.
1066,HEWLET PACKARD ESPAÑA,PORTATIL HP ENVY14-1050ES,1,WSB1252900,09-12-2010,SERGIO POZO,,
1067,MUEVO  PROY.Y SIST.COM.,ADAPTADOR DE RED SILEX SX3000 GB,1,637,17-12-2010,SECRETARIA,,DPTO.
1068,ANTALIS,IMPRESORA OKI ES6150N PLUS,1,113916,10-12-2010,PLANTA BAJA F,,DPTO.
1069,MUEVO  PROY.Y SIST.COM.,LIBRO ELECTRÓNICO PAPYRE,1,624,13-12-2010,J.A.ORTEGA,,
1070,MUEVO  PROY.Y SIST.COM.,LIBRO ELECTRÓNICO PAPYRE,1,625,13-12-2010,J.A.ORTEGA,,
1071,TEKNOSERVICE,PIZ. SMART BOARD SB680,1,F10/1155,22-12-2010,DPTO.,,DPTO.
1072,TEKNOSERVICE,PIZ. SMART BOARD SB680 DUAL TOUCH,1,F10/1156,22-12-2010,DPTO.,,DPTO.
1073,MUEVO  PROY.Y SIST.COM.,DISCO DURO EXTERNO WESTER,1,464,04-10-2010,A.RUIZ,,SETI
1074,GOLDENMAC  S.L.,ORD.TABLET IPAD 3G WIFI 64 GB SJ304836UETV,1,SI/166,14-01-2011,V.J. DIAZ,,ITALICA
1075,O.T.S.  S.L.,SILLÓN ERGOTANGO SIN  REPOSACABEZA,1,9232,30-11-2010,C. RUBIO,,DPTO.
1076,O.T.S.  S.L.,SILLÓN ERGOTANGO SIN  REPOSACABEZA,1,9232,30-11-2010,S.POZO,,DPTO.
1077,O.T.S.  S.L.,SILLÓN ERGOTANGO SIN  REPOSACABEZA,1,9232,30-11-2010,AMADOR,,DPTO.
1078,O.T.S.  S.L.,SILLÓN ERGOTANGO CON  REPOSACABEZA,1,9232,30-11-2010,A.RUIZ,,DPTO.
1079,O.T.S.  S.L.,SILLÓN ERGOTANGO CON  REPOSACABEZA,1,9232,30-11-2010,MAYTE,,DPTO.
1080,O.T.S.  S.L.,SILLÓN ERGOTANGO CON  REPOSACABEZA,1,9232,30-11-2010,P.TRINIDAD,,DPTO.
1081,TEKNOSERVICE,ORDENADOR AVANZADO POR COMPONENTES,1,F10/1118,13-12-2010,CORDERO,,DPTO.
1082,GOLDENMAC  S.L.,PORTÁTIL,1,,,J.M.GARCIA,,
1083,MUEVO  PROY.Y SIST.COM.,PORTÁTIL HP DV63181SS-CNF033COPF,1,37,26-01-2011,CORCHU,,18.13.03.27.02
1084,DELL COMPUTER,PORTATIL VOSTRO 3500,1,7401237003,13-02-2011,IRENE BARBA,,
1085,CARNEGIE MELLON UNIVERSITY,SOFTWARE: CORPUS CLUEWEB`09,1,LTI 01142011,14-01-2011,JAVIER ORTEGA,,ITALICA
1086,PAPELIA,ORDENADOR PORTATIL SONY VAIO,1,9,09-02-2011,RIQUELME,,
1087,APPLE STORE,ORDENADOR PORTATIL MACBOOK AIR Y ADAPTADORES,1,9060271511,18-02-2011,DIANA BORREGO,,18.13.03.27.04
1088,HEWLETT-PACKARD ESPAÑA,PC PORTATIL HP PAVILLION DM1-3120ES,1,3683816,19-03-2011,FERMÍN CRUZ,,18.13.03.30.17
1089,GOLDENMAC  S.L.,ORD-TABLET IPAD2WIFI-SDLXFF4VPDFJ0 APPLE,1,SI/781,25-03-2011,RIQUELME,,18.13.03.30.19
1090,MUEVO  PROY.Y SIST.COM.,TARJETA GRÁFICA para ordenador 1081,1,90,23-02-2011,CORDERO,,
1091,APPLE STORE,"PORTATIL MACBOOK PRO 13 3""",1,9060577696,06-03-2011,M. MAR MARTINEZ,,18.13.03.30.19
1092,GOLDENMAC  S.L.,"PORTATIL MACBOOK PRO 13"" CTO APMC724Y/A",1,SI/640,11-03-2011,MIGUEL TORO,,DPTO.
1093,GOLDENMAC  S.L.,SERVIDOR MAC PRO SERVER CTO,1,SI/997,14-04-2011,DPTO.,,DPTO.
1094,MUEVO  PROY.Y SIST.COM.,ORDENADOR PORTATIL,1,243,09-05-2011,PABLO NEYRA,,18.13.03.27.04
1095,MUEVO  PROY.Y SIST.COM.,"MONITOR PHILIPHS 23"" LCD",1,143,17-03-2011,SERGIO POZO,,
1096,MUEVO  PROY.Y SIST.COM.,"KVM 19""M SWITCH 16 PUERTOS + CABLE",1,257,17-05-2011,DPTO.,,DPTO.
1097,MUEVO  PROY.Y SIST.COM.,LICENCIA WINDOWS HOM E PREMIUM 1º AÑO,1,260,17-05-2011,DPTO.,,DPTO.
1098,MUEVO  PROY.Y SIST.COM.,LICENCIA WINDOWS HOM E PREMIUM 1º AÑO,1,260,17-05-2011,DPTO.,,DPTO.
1099,MUEVO  PROY.Y SIST.COM.,LICENCIA WINDOWS HOM E PREMIUM 1º AÑO,1,260,17-05-2011,DPTO.,,DPTO.
1100,I P A D,IPAD WIFI 3G 32 GB WHITE AT&T,1,R0735753044,24-05-2011,ESCALONA,,18.13.03.10.01
1101,MUEVO  PROY.Y SIST.COM.,LECTOR LIBRO ELECTRÓNICO QZEC001491SN0,1,258,17-05-2011,V.J. DIAZ,,18.13.03.30.17
1102,MUEVO  PROY.Y SIST.COM.,LECTOR LIBRO ELECTRÓNICO QZ31101641SN0,1,259,17-05-2011,V.J. DIAZ,,18.13.03.30.17
1103,MUEVO  PROY.Y SIST.COM.,TABLET SAMSUNG GALAXY 10 1 16 GB,1,312,15-06-2011,CORCHU,,18.13.03.29.12
1104,MUEVO  PROY.Y SIST.COM.,TABLET SAMSUNG GALAXY 10 1 16 GB,1,312,15-06-2011,CORCHU,,18.13.03.29.12
1105,MUEVO  PROY.Y SIST.COM.,TABLET SAMSUNG GALAXY 10 1 16 GB,1,312,15-06-2011,CORCHU,,18.13.03.29.12
1106,MUEVO  PROY.Y SIST.COM.,TABLET SAMSUNG GALAXY 10 1 16 GB,1,312,15-06-2011,CORCHU,,18.13.03.29.12
1107,MUEVO  PROY.Y SIST.COM.,LIBRO ELECTRÓNICO 6.2-QECG311885SN0,1,312,15-06-2011,CORCHU,,18.13.03.29.12
1108,TEKNOSERVICE,"PIZARRA INTERACTIVA 77"" SMART BOARD",1,F11/0608,13-06-2011,DPTO.,,DPTO.
1109,TEKNOSERVICE,ORDENADOR TTL,1,F11/0608,13-06-2011,DPTO.,,DPTO.
1110,GOLDENMAC  S.L.,TABLET IPAD 2  serie GB015NH7Z39,1,SE/13465,29-06-2011,M.TORO,,18.13.03.29.12
1111,EL CORTE INGLES,"PORTÁTIL MACBOOK AIR 13"" DUAL CORE 15",1,95272402,25-08-2011,A.RUIZ,,18.13.03.30.20
1112,MUEVO  PROY.Y SIST.COM.,SERVIDOR SUPERMICRO E6F26TU21500573,1,314,17-06-2011,V.J. DIAZ,,18.13.03.30.17
1008,DELL COMPUTER,PORTATIL LATITUDE E5500,1,2401046393,11-03-2010,ESCALONA,,18.13.03.10.01
1009,DELL COMPUTER,PORTATIL LATITUDE E5500,1,2401046393,11-03-2010,ESCALONA,,18.13.03.10.01
1010,ANTALIS,DESTRUCTORA FELLOWES MS460CI,1,102957,19-03-2010,DPTO.,,DPTO.
1011,MUEVO  PROY.Y SIST.COM.,"COMMUTADOR USB KVM 19""4710423772373",1,117,02-03-2010,CARMELO,,
1012,EL CORTE INGLES,CÁMARA POWER SHOT SX200IS,1,00260001916,23-02-2010,J.A.ORTEGA,,
1013,MEDIA MARKT,"MONITOR TFT 22 3"" H.P. WC291AA-2",1,60115969,05-05-2010,CARMELO,,
1014,APPLE STORE,"PORTÁTIL MAC BOOK PRO 13""",1,9052049047,13-05-2010,M.RESINAS,,SETI
1015,MEDIA MARKT,IMPRESORA EPSON STYLUS SX 515 W,1,60113945,05-05-2010,CARMELO/GASCA,,
1016,MEDIA MARKT,"MONITOR TFT 22 3"" H.P. WC291AA-2",1,60113945,05-05-2010,CARMELO/GASCA,,
1017,MEDIA MARKT,"MONITOR TFT 22 3"" H.P. WC291AA-2",1,60113946,05-05-2010,CARMELO/GASCA,,
1018,MEDIA MARKT,"MONITOR TFT 22 3"" H.P. WC291AA-2",1,60113947,05-05-2010,CARMELO/GASCA,,
1019,EL CORTE INGLES,SMART PHONE N5800  0255839 F1A9534,1,00100260003110,03-04-2010,J.A.ORTEGA,,
1020,MEDIA MARKT,IMPRESORA BROTHER DCP375CW,1,,,CARMELO/GASCA,,
1021,MUEVO  PROY.Y SIST.COM.,PORTATIL TOSHIBA SERIE NS3A025419H,1,262,01-06-2010,V.J. DIAZ,,ITALICA
1022,MUEVO  PROY.Y SIST.COM.,ESCANER FUJITSU S 1500 SERIES: 302.339,1,244,24-05-2010,DPTO.,,DPTO.
1023,PROINSA INSTALAC.TERM.,CONSOLA A/A FRIO CALOR SPLIT PARED,1,2010/44473,17-05-2010,DPTO.,,DPTO.
1024,MUEVO  PROY.Y SIST.COM.,MTOR+SOP SSUN B2430L PU24H9XZ309628,1,304,29-06-2010,RIQUELME,,
1025,MUEVO  PROY.Y SIST.COM.,PTIL.SONY VPCEA1S1E/B 27523255-5001894,1,329,02-07-2010,RIQUELME,,
1026,SUMIN  S.C.,ORDENADOR PERSONAL,1,1045,19-07 2010,RIQUELME,,
1027,MUEVO  PROY.Y SIST.COM.,MONITOR LG MOD. LCD M2762D-PC,1,287,21-06-2010,V.CARRILLO,,ITALICA
1028,SUMIN  S.C.,MONITOR PC,1,1045,19-07-2010,RIQUELME,,
1029,MUEVO  PROY.Y SIST.COM.,DISCO DURO EXTERNO 1TB (RR3102220039),1,286,21-06-2010,V.CARRILLO,,ITALICA
1030,EL CORTE INGLES,IPAD 64 GB,1,95234019,30-07-2010,A.RUIZ,,WEBFACTORY
1031,EL CORTE INGLES,"IMAC 27"" CORE 15",1,95234019,30-07-2010,A.RUIZ,,WEBFACTORY
1032,GOLDENMAC  S.L.,"IMAC 27"" CORE 15",1,SE/12622,11-09-2010,A.RUIZ,,WEBFACTORY
1033,FNAC SEVILLA,PTIL ASUS Eee 1005PC blanco A30AAs648228,1,/016/1596/005,04-09-2010,M.L.PARODY,,QUIVIR
1034,PROINSA,A/A SPLIT PARED GENERAL  MOD. ASG 12,1,343/10,22-09-2010,R.CARRASCO,,DPTO.
1035,PC CITY,PC 7477 MEDION  serie 17477010030095,1,1-2069384,28-10-2010,ANDRES JIMENEZ,,
1036,MUEVO  PROY.Y SIST.COM.,Portátil INTEL 17 NVIDIA GTX480M  SERIE 373,1,486,13-10-2010,CORDERO,,
1037,MUEVO  PROY.Y SIST.COM.,TABLETA DIGITALIZADORA WACON  EXT.,1,501,28-10-2010,RIQUELME,,DPTO-
1038,CHECA EUROC. DEL SUR S.L.,MAQUINA SPLIT A/A 4470/5375KCAL ASG18UI,1,10/1619,03-09-2010,F 1.85,,RECTORADO
1039,MEDIA MARKT,Ptátil ASPIRE 5741  LXROA020020200C1A41601,1,60133080,20-11-2010,V.CARRILLO,,ITALICA
1040,PAPELIA,FRIGORIFICO TEKA 2.P MOD.FTI-410 171X60,1,000226,25-11-2010,SALA ESTAR,,DPTO.
1041,MUEVO  PROY.Y SIST.COM.,MONITOR SAMSUNG EX2220,1,586,29-11-2010,DPTO.,,DPTO.
1042,MUEVO  PROY.Y SIST.COM.,MONITOR SAMSUNG EX2220,1,586,29-11-2010,DPTO.,,DPTO.
1043,MUEVO  PROY.Y SIST.COM.,MONITOR SAMSUNG EX2220,1,586,29-11-2010,DPTO.,,DPTO.
1113,EL CORTE INGLES,PORTIL. SAMSUNG NP900X3A-CZF593GB300011L,1,00041006695,30-06-2011,B.PONTES,,18.13.03.30.19
1114,MUEVO  PROY.Y SIST.COM.,SERVIDOR SUPERMICRO C82500A01K90734,1,373,18-07-2011,RIQUELME,,18.13.03.30.19
1115,ACROMÁTICA(J.N.MÜLLER),"ORDENADIOR PORTATIL 13.3""-AH1311323582217",1,020/2011,22-07-2011,C.MULLER,,18.13.03.27.03
1116,MUEVO  PROY.Y SIST.COM.,PTIL. NETBOOK ASUS 1215N-3568A-EP12NE769,1,390,27-07-2011,CORCHU,,18.13.03.27.02
1117,APP IN FORMÁTICA,PTIL.SONY PCG81312M - serie 541379240001378,1,B/042/2011,19-08-2011,R.M.GASCA,,18.13.03.30.21
1118,EL CORTE INGLES,IPAD WIFI 3G 32 GB WHITE AT&T,1,95270473,29-07-2011,I.RAMOS,,18.13.03.30.24
1119,EL CORTE INGLES,PORTATIL SAMSUNG  SERIE 9.NP900X3A-A01ES,1,95269077,12-07-2011,ESCALONA,,18.13.03.10.01
1120,MUEVO  PROY.Y SIST.COM.,PORTATIL HP/JORGE GARCIA GUTIERREZ,1,393,28-07-2011,RIQUELME,,18.13.03.30.19
1121,CAREFOUR,ORD. PC all in one  monitor integr. 4CH0302VQF,1,A110004151,01-09-2011,V.CARRILLO,,18.13.03.30.17
1122,DELL COMPUTER,PORTATIL XPS 15z serie 2704450969,1,2401177010,08-07-2011,CRISTINA RUBIO,,18.13.03.30.19
1123,EL CORTE INGLES,IMPRESORA ENVY 100 E-ALL-IN-ONE D410A,1,95272402,25-08-2011,A.RUIZ,,18.13.03.30.20
1124,EL CORTE INGLES,MEMORIA EXT. TIME CAPSULE 2TB,,95272402,25-08-2011,A.RUIZ,,18.13.03.30.20
1125,MUEVO  PROY.Y SIST.COM.,PTIL TOSHIBA + DOCKSTATION-8B187164H,1,479,28-09-2011,RIQUELME,,18.13.03.30.19
1126,GOLDENMAC  S.L.,"IMAC 27""QUAD CORE 15"" ser.SDFVFLL6SDG56",1,SI/2362,27-09-2011,DAVID RUIZ,,18.13.03.27.02
1127,MOBILFUNK,TELEF. MOBIL SAMSUNG NEXUS,1,2011-3033409,28-06-2011,LUISMI SORIA,,18.13.03.30.22
1128,GOLDENMAC  S.L.,IPAD WIFI 3G 32 GB WHITE serSDLXG66ERDKNV,1,SI/2476,08-10-2011,DAVID RUIZ,,18.13.03.27.02
1129,GOLDENMAC  S.L.,IPAD WIFI 3G 32 GB WHITE serSDLXG62J3DKNW,1,SI/2476,08-10-2011,DAVID RUIZ,,18.13.03.27.02
1130,MUEVO  PROY.Y SIST.COM.,PORTÁTIL SONY VAIO MOD.VPCSB2S93,1,515,20-09-2011,DAVID RUIZ,,18.13.03.27.02
1131,MUEVO  PROY.Y SIST.COM.,PORTÁTIL SONY VAIO MOD.VPCSB2S93,1,515,20-09-2011,DAVID RUIZ,,18.13.03.27.02
1132,MUEVO  PROY.Y SIST.COM.,PORTÁTIL SONY VAIO MOD.VPCSB2S93,1,515,20-09-2011,DAVID RUIZ,,18.13.03.27.02
1133,MUEVO  PROY.Y SIST.COM.,SERVIDOR SYS8026B-TRF EQUIPO+GARANTIA,1,475,28-09-2011,DAVID RUIZ,,18.13.03.27.02
1134,MUEVO  PROY.Y SIST.COM.,SERVIDOR SYS8026B-TRF EQUIPO+GARANTIA,1,475,28-09-2011,DAVID RUIZ,,18.13.03.27.02
1135,TEKNOSERVICE,ORD.SIN MONITOR TTLTeknopro  clónico+logit520,1,F11/0982,24-10-2011,DAVID RUIZ,,18.13.03.27.02
1136,TEKNOSERVICE,ORD.SIN MONITOR TTLTeknopro  clónico+logit5200,1,F11/0982,24-10-2011,DAVID RUIZ,,18.13.03.27.02
1137,TEKNOSERVICE,ORD.SIN MONITOR TTLTeknopro clónico+logitech,1,F11/0982,24-10-2011,DAVID RUIZ,,18.13.03.27.02
1138,TEKNOSERVICE,ORD.SIN MONITOR TTLTeknopro  clónico+logitech,1,F11/0982,24-10-2011,DAVID RUIZ,,18.13.03.27.02
1139,DELL COMPUTER,PORTATIL INTEL CORE I7-3720QM  F4KHMQ1,1,2401195476,10-10-2011,ROVAYO,,DPTO.
1140,TEKNOSERVICE,ORD.  SIN MONITOR TTLTeknopro  clónico,1,F11/0982,24-10-2011,DAVID RUIZ,,18.13.03.27.02
1141,GOLDENMAC  S.L.,"PTIL.MC BOOK AIR 13""",1,SE/14852,07-11-2011,CARMELO,,18.13.03.30.21
1142,MUEVO  PROY.Y SIST.COM.,SAI APC SMART-IPS RT 20000 VA RACK-5AÑOS,1,519,21-10-2011,DPTO.,,DPTO.
1143,MUEVO  PROY.Y SIST.COM.,BATERIA SAI SURT20KRMXLI-RDC44,1,565,03-11-2011,DPTO.,,DPTO.
1144,MUEVO  PROY.Y SIST.COM.,BATERIA SAI SURT20KRMXLI-RDC44,1,565,03-11-2011,DPTO.,,DPTO.
1145,MUEVO  PROY.Y SIST.COM.,BATERIA SAI SURT20KRMXLI-RDC44,1,565,03-11-2011,DPTO.,,DPTO.
1146,MUEVO  PROY.Y SIST.COM.,BATERIA SAI SURT20KRMXLI-RDC44,1,565,03-11-2011,DPTO.,,DPTO.
1147,MADERALIA,SOFA 3 PLAZAS MD-LISBOA PIEL - NEGRO,1,070/11,25-11-2011,F 1.76 M.TORO,,DPTO.
1148,MADERALIA,BUTACA RELAX TPM PIEL RECTIFICADA NEGRO,1,070/11,25-11-2011,F 1.76 M.TORO,,DPTO.
1149,APP INFORMÁTICA,MONITOR ASUS VS247H-B9LMTF041338,1,B/104/2011,02-12-2011,IRENE BARBA,,18.13.03.30.21
1150,GOLDENMAC  S.L.,"PORTATIL MC BOOK Pro 13""-SC02GQBPEDV13",1,SE/15168,02-12-2011,A.FDEZ-MONTES,,18.13.03.30.22
1151,EL CORTE INGLES,TABLET IPAD CON WI-FI Y 4G 64 GB MAC,1,95278413,11-11-2011,A.RUIZ,,18.13.03.27.05
1152,MUEVO  PROY.Y SIST.COM.,DISCO DURO EXTERNO IOMEGA PRESTIGE,1,633,09-12-2011,DPTO.,,
1153,MUEVO  PROY.Y SIST.COM.,TABLET WACOM,1,660,20-12-2011,CORCHU,,18.13.03.29.14
1154,MUEVO  PROY.Y SIST.COM.,LICENCIAS WIN EDT,1,662,20-12-2011,CORCHU,,18.13.03.29.14
1155,MUEVO  PROY.Y SIST.COM.,LICENCIAS PDF XCHANGE VIEWER,1,662,20-12-2011,CORCHU,,18.13.03.29.14
1156,MUEVO  PROY.Y SIST.COM.,SWITCH KVM ATEN,1,661,20-12-2011,CORCHU,,18.13.03.29.14
1157,REINA LARA  ANTONIO,SPLIT PARED INVERTER(PAGO COMPARTIDO),1,069-11-11,10-11-2011,F 1.63,,CORCHU
1158,REINA LARA  ANTONIO,SPLIT PARED INVERTER(PAGO COMPARTIDO),1,070-11-11,10-11-2011,F 1.45,,DAVID
1159,MUEVO  PROY.Y SIST.COM.,"MONITOR ACER 19"" V193HQ",1,659,20-12-2011,DPTO.,,
1160,MUEVO  PROY.Y SIST.COM.,MONITOR SAMSUNG LS23A350HS,1,659,20-12-2011,DPTO.,,
1161,MUEVO  PROY.Y SIST.COM.,IMPRESORA MULTIF. HP LASERJET M1212,1,659,20-12-2011,DPTO.,,
1162,MUEVO  PROY.Y SIST.COM.,IMPRESORA MULTIF. HP LASERJET M1212,1,659,20-12-2011,DPTO.,,
1163,MUEVO  PROY.Y SIST.COM.,MONITOR SAMSUNG S22A100N,1,659,20-12-2011,DPTO.,,
1164,MUEVO  PROY.Y SIST.COM.,DISCO DURO EXT.1TB IOMEGA PRESTIGE 3.5,1,659,20-12-2011,DPTO.,,
1165,MUEVO  PROY.Y SIST.COM.,"MONITOR TFT 22"" BENQ GL2240M",1,659,20-12-2011,DPTO.,,
1166,MUEVO  PROY.Y SIST.COM.,MAQUINA DESARROLLO Y SERVIDOR INFORM.,1,631,09-12-2011,DAVID RUIZ,,18.13.03.27.02
1167,MUEVO  PROY.Y SIST.COM.,SISTEMA DE ALMACEN Y SOFTWARE COPIA,1,631,09-12-2011,DAVID RUIZ,,18.13.03.30.23
1168,MATILDE COLLANTES GUARINOS,PAQUETE 5 LICENC. SOFTW.CAMTASIA STUDIO,1,121,20-12-2011,CORCHU,,18.13.03.29.14
1169,TEKNOSERVICE,ORDENADOR TTL TEKNOSLIM,1,F11/1193,23-12-2011,DPTO.,,DPTO.
1170,TEKNOSERVICE,ORDENADOR TTL TEKNOSLIM,1,F11/1193,23-12-2011,DPTO.,,DPTO.
1171,TEKNOSERVICE,ORDENADOR TTL TEKNOSLIM,1,F11/1193,23-12-2011,DPTO.,,DPTO.
1172,TEKNOSERVICE,ORDENADOR TTL TEKNOSLIM,1,F11/1193,23-12-2011,DPTO.,,DPTO.
1173,TEKNOSERVICE,ORDENADOR TTL TEKNOSLIM,1,F11/1193,23-12-2011,DPTO.,,DPTO.
1174,TEKNOSERVICE,ORDENADOR TTL TEKNOSLIM,1,F11/1193,23-12-2011,DPTO.,,DPTO.
1175,TEKNOSERVICE,ORDENADOR TTL TEKNOSLIM,1,F11/1193,23-12-2011,DPTO.,,DPTO.
1176,TEKNOSERVICE,ORDENADOR TTL TEKNOSLIM,1,F11/1193,23-12-2011,DPTO.,,DPTO.
1177,TEKNOSERVICE,ORDENADOR TTL TEKNOSLIM,1,F11/1193,23-12-2011,DPTO.,,DPTO.
1178,TEKNOSERVICE,ORDENADOR TTL TEKNOSLIM,1,F11/1193,23-12-2011,DPTO.,,DPTO.
1179,EL CORTE INGLES,PORTATIL,1,00042000292,10-01-2012,LUISA PARODY,,18.13.03.30.21
1180,EL CORTE INGLES,PORTATIL,1,00042000291,10-01-2012,VARELA VACA,,18.13.03.30.21
1181,FNAC.es,"PORTATIL 13""ASUS ZENBOPOK UX31E-RY010V",1,013/0876/001,02-02-2012,ESCALONA,,18.13.03.35.15
1182,FNAC.es,"PORTATIL 13""ASUS ZENBOPOK UX31E-RY010V",1,013/0876/001,02-02-2012,ESCALONA,,18.13.03.35.15
1183,EL CORTE INGLES,PORTATIL VPCSE1S9E/B Nº 27551674,1,00172001756,16-02-2012,MAYTE,,18.80.03.30.21
1184,M. COLLANTES,PORTATIL SONY VAIO PCG-71211,1,140,22-03-2012,RIQUELME,,18.13.03.30.19
1185,MUEVO  PROY.Y SIST.COM.,PORTATIL FUJITSU LIFEBOOK T901,1,607,24-11-2011,AMADOR DURAN,,18.13.03.27.05
1186,COMPAREX ESPAÑA  S.A.,SERVIDOR HP,1,110000657PR,25-01-2012,J.A.ORTEGA,,18.13.03.30.22
1187,GOLDEN IP TELECOMUNICACIONES  S.L.,ORDENADOR DE SOBREMESA CLÓNICO,1,B/043/2012,10-01-2012,DIANA BORREGO,,18.13.03.30.21
1188,EL CORTE INGLES,"PORTATIL TOSHIBA 15 6"" QOSMIL F750-121 INTEL CORE",1,95294397,26-04-2012,JAVIER GUTIERREZ,,18.13.03.27.06
1189,PIENSAENDIGITAL,CONCENTRADOR DE RED DE 24 PUERTOS,1,CCL1323322507,22-02-2012,PABLO NEIRA,,18.13.03.30.21
1190,MUEVO  PROY.Y SIST.COM.,PORTÁTIL TOSHIBA SATELITE C855/3 años gar.,1,283,11-06-2012,I. NEPOMUCENO,,DPTO.
1191,EL CORTE INGLÉS,ORDENADOR PORTATIL TOSHIBA PORTEGE,1,00042005144,20-06-2012,J.A.NEPOMUCENO,,18.13.03.30.25
1192,MUEVO  PROY.Y SIST.COM.,PORTIL.TOSHIBA PORTEGE n/s:5C014563h/3años,1,329,06-07-2012,OCTAVIO,,DPTO.
1193,MUEVO  PROY.Y SIST.COM.,"MONITOR 23""",1,298,22/06/2012,V.CARRILLO,,18.13.03.62.05
1194,GOLDEN MAC,IPAD2 3G,1,SE/12009,03/01/2012,J.A.ALVAREZ,,18.13.03.30.22
1195,REINA LARA  ANTONIO,CONSOLA A/A FRIO-CALOR  DESPACHO F 0.52,1,SID2012-012,24-07-2012,TOÑI REINA,,DPTO.
1196,YAYSI.COM,DISPOSITIVO MOVIL SAMSUNG I-9300,1,2012/84,07-08-2012,J.A.ALVAREZ,,18.13.03.30.22
1197,HIPERCOR,PTIL TOSHIBA U840-10U - 0.39.150.05999,1,92023650,15-03-2013,LUISMI SORIA,089L,18.13.03.30.22
1198,FNAC,PTIL UX32vd-R4001-c6noas21778423d,1,121026/016/5748,26-10-2012,ANDRES JIMENEZ,089L,18.13.03.30.21
1199,MUEVO  PROY.Y SIST.COM.,CPU ORDENADOR MUEVO,1,477,25-10-2012,V.CARRILLO,,18.13.03.62.05
1200,COLLANTES GUARINOS  M.A.,"MONITOR 27""",1,000177,29-10-2012,V.CARRILLO,,18.13.03.62.05
1201,MUEVO  PROY.Y SIST.COM.,ORDENADOR,1,118,10-04-2012,CORCHU,,18.13.03.35.16
1202,APPLE DISTRIBUTION INTERNATIONAL,PORTATIL MBAIR 13 3 CTO,1,4493115430,12-11-2012,RIQUELME,,18.13.03.30.25
1203,MUEVO  PROY.Y SIST.COM.,PC SOBREMESA LENOVO THINKSTATION,1,152,19-03-2012,PABLO NEIRA,,18.13.03.30.21
1204,G.O.P.(TABÁREZ FDEZ.),LÁMPARA 3M ANTIRREFLEJOS POLARIZADA,1,1026,21-11-2012,J.A.ORTEGA,,DPTO.
1205,MUEVO  PROY.Y SIST.COM.,"TABLET LIFEPAD 10"" HD 8GB LIFEVIEW",1,555,26-11-2012,DPTO.,,DPTO.
1206,MUEVO  PROY.Y SIST.COM.,"TABLET LIFEPAD 10"" HD 8GB LIFEVIEW",1,556,26-11-2012,DPTO.,,DPTO.
1207,MUEVO  PROY.Y SIST.COM.,TABLET BQ READER MAXWELL,1,557,26-11-2012,DPTO.,,DPTO.
1208,MUEVO  PROY.Y SIST.COM.,"TABLET BQ READER EDISON 10.1""",1,558,26-11-2012,DPTO.,,DPTO.
1209,MUEVO  PROY.Y SIST.COM.,TABLET ASUS TF3OOT-1A171A,1,559,26-11-2012,DPTO. L,,DPTO.
1210,APPLE RETAIL SPAIN  S.L.,TERMINAL MOVIL,1,R3686330639,24-11-2012,A.FDEZ-MONTES,,18.13.03.30.22
1211,MUEVO  PROY.Y SIST.COM.,TABLETA DIGITAL,1,532,14-11-2012,F.J.GALAN,,18.13.03.62.04
1212,MUEVO  PROY.Y SIST.COM.,"MONITOR LED 18 5""ASUS VS197",1,562,26-11-2012,DPTO,,DPTO
1213,MUEVO  PROY.Y SIST.COM.,"MONITOR LED 18 5""ASUS VS197",1,562,26-11-2012,DPTO,,DPTO
1214,MUEVO  PROY.Y SIST.COM.,"MONITOR LED 18 5""ASUS VS197",1,562,26-11-2012,DPTO,,DPTO
1215,MUEVO  PROY.Y SIST.COM.,LIBRO ELECTRÓNICO SOMY PRS-T2,1,565,26-11-2012,DPTO.,,DPTO.
1216,MUEVO  PROY.Y SIST.COM.,ALTAVOCES LOGITECH S715i,1,569,26-11-2012,DPTO.,,DPTO.
1217,MUEVO  PROY.Y SIST.COM.,SERV.FIREWALL NSA45OO NETWORK S APPL,1,570,26-11-2012,DPTO.,,DPTO.
1218,TEKNOSERVICE,ORDEN.TTL CORE I3-3220 4GB/RAM 500GBSATA,1,F121191,11-12-2012,DPTO.,,DPTO.
1219,TEKNOSERVICE,ORDEN.TTL CORE I3-3220 4GB/RAM 500GBSATA,1,F121191,11-12-2012,DPTO.,,DPTO.
1220,TEKNOSERVICE,ORDEN.TTL CORE I3-3220 4GB/RAM 500GBSATA,1,F121191,11-12-2012,DPTO.,,DPTO.
1221,LYRECO ESPAÑA  S.A.,"MONITOR LED SAMSUNG 21 5""S22B150N",1,7060156516,11-12-2012,AREVALO,,DPTO.
1222,LYRECO ESPAÑA  S.A.,LÁMPARA LED,1,7060156528,11-12-2012,DPTO,,DPTO
1223,MUEVO  PROY.Y SIST.COM.,"MONITOR SAM 24""",1,152,19-03-2012,PABLO NEIRA,,18.13.03.30.21
1224,TEKNOSERVICE  S.L.,ORDENADOR TTL TEKNOPRO,1,F130152,06-02-2013,,,
1225,EL CORTE INGLES,PORTATIL TOSHIBA PORTEGE,1,95317952,19-02-2013,SERGIO SEGURA,,18.13.03.27.05
1226,MUEVO  PROY.Y SIST.COM.,S.A.I MGE,1,151,07-03-2013,M.A.ALVAREZ,,18.13.03.30.22
1227,MUEVO  PROY.Y SIST.COM.,S.A.I MGE,1,151,07-03-2013,M.A.ALVAREZ,,18.13.03.30.22
1228,MUEVO  PROY.Y SIST.COM.,S.A.I MGE,1,151,07-03-2013,M.A.ALVAREZ,,18.13.03.30.22
1229,EL CORTE INGLES,ULTRABOOK PORTEGE Z930-15Z,1,95321856,13-04-2013,ISABEL NEPOMUCENO,,TIN2011-28956
1230,TEKNOSERVICE,"ORDEN. IMAC APPLE 21.5"" Nº SC02JTTD2DNCR",1,F130578,13-05-2013,J.A.ORTEGA,,18.13.03.30.22
1231,MUEVO  PROY.Y SIST.COM.,SAI APC 1000 VA- SERIE BA4K 4205-4,1,257,13-05-2013,J.A.ORTEGA,,18.13.03.30.22
1232,EL CORTE INGLES,IPAD PANTALLA RETINA APPLE,1,95327029,26-06-2013,J.A.TROYANO,089L,18.13.03.35.17
1233,EL CORTE INGLES,PORTATIL HP. ULTRABOOK,1,95327407,01-07-2013,J.A.TROYANO,089L,18.13.03.35.17
1234,GOLDEN MAC,PTIL. MACBOOK PRO- APPLE-C02KT1PMDR53,1,SE/15472,29-06-2013,J.A.TROYANO,089L,18.13.03.35.17
1235,MUEVO  PROY.Y SIST. COM.,"MACBOOK AIR 13 3""",1,SE/15695,29-07-2013,ANTONIO RUIZ,089 L,18.13.03.27.05 (THEOS) 18.13.03.30.26 (TAPAS)
1236,GOLDEN MAC,MACBOOK AIR,1,SE/15686,26-07-2013,J.A.ALVAREZ,,18.13.03.27.08
1237,GOLDEN MAC,MACBOOK AIR,1,SE/15686,26-07-2013,J.A.ALVAREZ,,18.13.03.27.08
1238,GOLDEN MAC,IPAD RETINA WIFI+ 4G  64 GB,1,SE/15686,26-07-2013,J.A.ALVAREZ,,18.13.03.27.08
1240,FUJITSU,PTIL. FUJITSU LIFEBOOK E752-HM76 CHIPSET,1,FEM/90400655,25-09-2013,ESCALONA,089,DPTO. 089
1241,GOLDENMAC SEVILLA,"PORTATIL MACBOOK AIR 13""",1,SE/16205,17-09-2013,BEATRIZ PONTES,089 L,18.13.03.27.07
1242,DELL COMPUTER  S.A.,"PORTATIL DELL DE 13 3""",1,2401305858,09-06-2013,CRISTINA RUBIO,089 L,18.13.03.27.07
1243,T A P E R,MONITOR VS3-PNI Y LECTOR COD.BARRAS,1,FV13-016972,18-09-2013,AY.PRACT.ESII,089 L,
1244,A I O S (DIEGO TIRADO),IMPR.HPLASERJET PRO100COLOR-MFPM175NW,1,A/645,22-10-2013,J.A.ORTEGA,089,DPTO. 089
1245,AMAZON,MONITOR,1,DlyCLvK8R,25-10-2013,ALEJANDRO,089 L,18.13.03.27.08
1246,MEDIA MARKT,TABLET GALAXY TAB 3 10.1,1,52751,11-11-2013,RIQUELME,089 L,18.13.03.30.25
1247,MUEVO  PROY.Y SIST. COM.,TABLT SAMSUNG GALAXY N 8000-RF2CB15R0QR,1,589,14-11-2013,RIQUELME,089,DPTO. 089
1248,MUEVO  PROY.Y SIST. COM.,CPU INTEL 17 3770 GIGABYTE Serie 101794,1,591,14-11-2013,RIQUELME,089,DPTO. 089
1249,MUEVO  PROY.Y SIST. COM.,PTIL.NETBOOK AC V5-SeR. LXPAUOY00278886254,1,547,31-10-2013,RIQUELME,089,DPTO. 089
1250,RICOH ESPAÑA  S.L.U.,NOTEBOOK (PTIL) TOSHIBA Ser. 603011292602,1,65065516,31-10-2013,CAÑETE,089,DPTO. 089
1251,EL CORTE INGLES,PORTÁTIL -CC. ECONOMICAS,1,95335935,06-11-2013,J.A.ORTEGA,089 L,18.13.03.27.08
1252,EL CORTE INGLES,PORTÁTIL -CC. ECONOMICAS,1,95335936,06-11-2013,J.A.ORTEGA,089 L,18.13.03.27.08
1253,A I O S (DIEGO TIRADO),SILLA DIRECCIÓN Q-CONNECT RESPALDO ALTO,1,A/731,20-11-2013,G. QUIVIR,089,DPTO. 089
1254,PEDREGOSA,IMPRESORA HP COLOR PRO100 A4 16PPM USB,1,13005673,19-11-2013,A. RUIZ,089,DPTO. 089
1255,TEKNOSERVICE,ORDEN.TTL TEKNOPRO,1,F131425,20-11-2013,F.J.ORTEGA,089,DPTO. 089
1256,TEKNOSERVICE,ORDEN. IMAC 27 QUAD-CORE I5 3.4GHZ,1,F131426,20-11-2013,A. RUIZ,089,DPTO. 089
1257,TEKNOSERVICE,AIRPORT TIME CAPSULE(COPIAS SEGURIDAD),1,F131426,20-11-2013,A. RUIZ,089,DPTO. 089
1258,TEKNOSERVICE,ORDEN.TTL TEKNOPRO,1,F131431,21-11-2013,CORDERO,089,DPTO. 089
1259,PEDREGOSA,"MONITOR LCD HPADVANTAGE E2312 LED 58 4/23""",1,13005897,25-112013,MARIANO,089,DPTO. 089
1260,MAGENTA PAPER  S.L.U.,IMPR.HWP MULTIF.INKJET PRO 8600 CM750A,1,A/1002,27-11-2013,ESCALONA,089,DPTO. 089
1261,A D M E A,SMARTWATCH CON OBTENCIÓN DE DATOS,1,FC1302315,12-11-2013,LUISMI SORIA,089 L,18.13.03.27.08
1262,TITAN COMMERCE,ELECTRO-ENCEFALOGRAMA OBTENC.DATOS,1,SEVI00113344,12-11-2013,LUISMI SORIA,089 L,18.13.03.27.08
1263,RICOH ESPAÑA  S.L.U.,PORTATIL SONY VAIO PRO SVP1321X9E,1,65072273,27-11-2013,J.A.PAREJO,089,DPTO. 089
1264,RICOH ESPAÑA  S.L.U.,PORTATIL APPLE MD761Y/A,1,65072301,27-11-2013,PABLO TRINIDAD,089,DPTO. 089
1265,RICOH ESPAÑA  S.L.U.,IPAD AIR WIFI + 32 GB,1,65072301,27-11-2013,R.CARRASCO,089,DPTO. 089
1266,RICOH ESPAÑA  S.L.U.,PORTÁTIL DELL ULTRABOOK XPS 13MLK,1,65072301,27-11-2013,BENAVIDES,089,DPTO. 089
1267,RICOH ESPAÑA  S.L.U.,IPAD MINI RENITA WIFI 16 GB,1,65072306,27-11-2013,A.FDEZ-MONTES,089,DPTO. 089
1268,PEDREGOSA,"MONITOR LCD HPADVANTAGE E2312 LED 58 4/23""",1,13005964,29-11-2013,CAÑETE,089,DPTO. 089
1269,A I O S (DIEGO TIRADO),SNM SILLA PASSION SINCRO NEGRO,1,A/769,02-12-2013,SECRETARIA,089,DPTO. 089
1270,A I O S (DIEGO TIRADO),SNM SILLA PASSION SINCRO NEGRO,1,A/769,02-12-2013,SECRETARIA,089,DPTO. 089
1271,TEKNOSERVICE,ORDENADOR TTL TEKNOSLIM CORE I5,1,F131576,11-12-2013,DPTO.,089,DPTO. 089
1272,TECKNOSERVICE,ORDENADOR TTL TECNOSLIM CORE I5,1,F131576,11-12-2013,DPTO.,089,DPTO. 089
1273,MUEVO  PROY.Y SIST. COM.,"MONITOR 23"" HP C9V75AA",1,682,13-12-2013,DPTO.,089,DPTO. 089
1274,MUEVO  PROY.Y SIST. COM.,"MONITOR 23"" HP C9V75AA",1,682,13-12-2013,DPTO.,089,DPTO. 089
1275,MUEVO  PROY.Y SIST. COM.,MONITOR serie 312MAEG7Z508,1,99,10-02-2014,RIQUELME,089 L,18.13.03.30.25
1276,MUEVO  PROY.Y SIST. COM.,TORRE CON CPU I7 4770/GB SERIE 103.871,1,68,29-01-2014,MAYTE,089 L,18.13.03.30.21
1277,MUEVO  PROY.Y SIST. COM.,"MONITOR 27"" DELL ULTRRASHARP U2713HM",1,68,29-01-2014,MAYTE,089 L,18.13.03.30.21
1278,RICOCH ESPAÑA,SERV.DELL POWEREDGE R415 ser.603013219602,1,65087495,30-01-2014,CARMELO,089 L,18.13.03.30.21
1279,RICOCH ESPAÑA,SERV.DELL POWEREDGE R415 ser.603013219603,1,65087495,30-01-2014,CARMELO,089 L,18.13.03.30.21
1239,FUJITSU,PTIL. FUJITSU LIFEBOOK E752-HM76 CHIPSET,1,FCC/90401669,11-09-2013,ESCALONA,089,DPTO. 089
1280,RICOCH ESPAÑA,SERV.DELL POWEREDGE R415 ser.603013220503,1,65087496,30-01-2014,CARMELO,089 L,18.13.03.30.21
298,TEKNOSERVICE,ORDENADOR TTL PENTIUM 4 PRESCOTT 2004,1,F4/1440,17-11-2004,J.A.ALVAREZ,,BAJA
174,PRODIAN  S.L.,IMPRESORA HP LASERJET 4100 DNT,1,0734,28-11-2002,DPTO.,089,DPTO. 089
1281,RICOCH ESPAÑA,SERV.DELL POWEREDGE R415 ser.603013220502,1,60587496,30-01-2014,CARMELO,089 L,18.13.03.30.21
1282,GOLDENMAC  S.L.,TELEFONO MOVIL IPHONE 5s 32 GB ORO,1,SE/14402,07-02-2014,J.A.ORTEGA,089 L,18.13.03.27.07
1283,MUEVO  PROY.Y SIST. COM.,ASIGNADO,1,,,A.FDEZ-MONTES,089 L,18.13.03.27.07
1284,MUEVO  PROY.Y SIST. COM.,ASIGNADO,1,,,A.FDEZ-MONTES,089 L,18.13.03.27.07
1285,MUEVO  PROY.Y SIST. COM.,ASIGNADO,1,,,A.FDEZ-MONTES,089 L,18.13.03.27.07
1286,TECKNOSERVICE,ASIGNADO A. FDEZ,1,,,A.FDEZ-MONTES,089 L,18.13.03.27.07
1287,TEKNOSERVICE,EQPC. PROCESADOR i7,1,F140240,20-02-2014,LUISMI SORIA,089 L,18.13.03.27.07
1288,TEKNOSERVICE,PC. PROCESADOR i7 DISCO SSD,1,F140239,20-02-2014,LUISMI SORIA,089 L,18.13.03.27.07
1289,TEKNOSERVICE,PC. PROCESADOR i5,1,F140241,20-02-2014,LUISMI SORIA,089 L,18.13.03.27.07
1290,TEKNOSERVICE,PC. PROCESADOR i5,1,F140241,20-02-2014,LUISMI SORIA,089 L,18.13.03.27.07
1291,TEKNOSERVICE,SERVIDOR. iMac,1,F140268,26-02-2014,LUISMI SORIA,089 L,18.13.03.27.07
1292,TEKNOSERVICE,PORTATIL Macbook air,1,F140269,26-02-2014,LUISMI SORIA,089 L,18.13.03.27.07
1293,MUEVO  PROY.Y SIST.COM.,DISPOSITIVO ANDROID KIT RASPBERRY PI,1,135,26-02-2014,LUISMI SORIA,089 L,18.13.03.27.07
1294,MUEVO  PROY.Y SIST.COM.,DISPOSITIVO DE OBTENCION DE DATOS CONTEX  FITBIT,1,136,26-02-2014,LUISMI SORIA,089 L,18.13.03.27.07
1295,MUEVO  PROY.Y SIST.COM.,DISPOSITIVO DE OBTENCION DE DATOS CONTEXT FITBIT,1,136,26-02-2014,LUISMI SORIA,089 L,18.13.03.27.07
1296,MUEVO  PROY.Y SIST.COM.,DISPOSIT. OBTENC.DATOS CONTEX VIVOFIT MONITOR FREC,1,133,26-02-2014,LUISMI SORIA,089 L,18.13.03.27.07
1297,MUEVO  PROY.Y SIST.COM.,DISPOSIT. OBTENC.DATOS CONTEX VIVOFIT MONITOR FREC,1,133,26-02-2014,LUISMI SORIA,089 L,18.13.03.27.07
1298,MUEVO  PROY.Y SIST.COM.,DISPOSITIVO MOVIL CAPTURA CONTEXTO SPACE GLASSES,1,134,26-02-2014,LUISMI SORIA,089 L,18.13.03.27.07
1299,MUEVO  PROY.Y SIST.COM.,EQUIPO DE DESARROLLO TIPO PC Ser.104436,1,144,26-02-2014,LUISMI SORIA,089 L,18.13.03.27.08
1300,MUEVO  PROY.Y SIST.COM.,EQUIPO DE DESARROLLO TIPO PC Ser.104436,1,145,26-02-2014,LUISMI SORIA,089 L,18.13.03.27.08
1301,MUEVO  PROY.Y SIST.COM.,DISPOSIT.OBTENC.DATOS CONTEX emotiv EEG,1,138,26-02-2014,LUISMI SORIA,089 L,18.13.03.27.07
1302,MUEVO  PROY.Y SIST.COM.,DISPOSITIVO MOVIL ANDROID GALAXY TREND,1,141,26-02-2014,LUISMI SORIA,089 L,18.13.03.27.07
1303,MUEVO  PROY.Y SIST.COM.,DISPOSITIVO MOVIL ANDROID LG-L411115478,1,140,26-02-2014,LUISMI SORIA,089 L,18.13.03.27.07
1304,MUEVO  PROY.Y SIST.COM.,DISPOSIT.OBTENC.DATOS CONTEX ACTIV.FISICA,1,137,26-02-2014,LUISMI SORIA,089 L,18.13.03.27.07
1305,MUEVO  PROY.Y SIST.COM.,DISPOSITIVO MOVIL WP/Android NOKIA LUMIA,1,139,26-02-2014,LUISMI SORIA,089 L,18.13.03.27.07
1306,MUEVO  PROY.Y SIST.COM.,"MONITOR PC SAMSUNG 24"" - 0325H4MDC00151",1,130,19-02-2014,LUISMI SORIA,089 L,18.13.03.27.07
1307,MUEVO  PROY.Y SIST.COM.,ETIQUETAS RFID-NFC SERIE 995E5478,1,132,26-02-2014,LUISMI SORIA,089 L,18.13.03.27.07
1308,MUEVO  PROY.Y SIST.COM.,DISPOSITIVO MOVIL ANDROID NEXUS 5,1,131,26-02-2014,LUISMI SORIA,089 L,18.13.03.27.07
1309,MUEVO  PROY.Y SIST.COM.,EQUIPO DE DESARROLLO TIPO PC Ser.104433,1,124,26-02-2014,LUISMI SORIA,089 L,18.13.03.27.07
1310,TEKNOSERVICE,TABLET PC ASUS MOD.NEXUS 7 serie 08ec5c52,1,F140242,20-02-2014,LUISMI SORIA,089 L,18.13.03.27.07
1311,TEKNOSERVICE,EQUIPO DE DESARROLLO IMAC ser.0000848381,1,F140267,26-02-2014,LUISMI SORIA,089 L,18.13.03.27.07
1312,GOLDEN MAC,TELEF. MÓVIL Iphone 5s 32GB-ser.08ec5c51,1,SE/14562,26-02-2014,LUISMI SORIA,089 L,18.13.03.27.07
1313,GOLDEN MAC,DISPOSITIVO MÓVIL Iphone 5s serie 08ec5c51,1,SE/14561,26-02-2014,LUISMI SORIA,089 L,18.13.03.27.08
1314,GOLDEN MAC,MACBOOK PRO 15,1,SI/570,04-03-2014,CRISTINA RUBIO,089 L,18.13.03.27.07
1315,MUEVO  PROY.Y SIST.COM.,ORDENADOR DE SOBREMESA I7 4771 BOX 16GB,1,190,17-03-2014,CRISTINA RUBIO,089 L,18.13.03.27.07
1316,MUEVO  PROY.Y SIST.COM.,ORDENADOR DE SOBREMESA I7 4771 BOX 16GB,1,190,17-03-2014,CRISTINA RUBIO,089 L,18.13.03.27.07
1317,MUEVO  PROY.Y SIST.COM.,MONITOR SAMSUNG,1,190,17-03-2014,CRISTINA RUBIO,089 L,18.13.03.30 25
1318,MUEVO  PROY.Y SIST.COM.,MONITOR SAMSUNG,1,190,17-03-2014,CRISTINA RUBIO,089 L,18.13.03.30 25
1319,EL CORTE INGLES,DISCO DURO MY CLOUD 3TB,1,00264002510-,17-03-2014,CRISTINA RUBIO,089 L,18.13.03.27.07
1320,WORTEN,TABLET 10 1,1,FT BVQ003/019486,24-02-2014,CRISTINA RUBIO,089 L,18.13.03.27.07
1321,GOLDEN MAC,Orden. Apple MacBook Air -ser.C02MD0CGF6T6,1,SE/14737,19-03-2014,J.A.TROYANO,089 L,18.13.03.27.09
1322,GOLDEN MAC,Orden. Apple MacBook Pro - ser.C02LTETVFH00,1,SE/14721,18-03-2014,J.A.TROYANO,089 L,18.13.03.27.09
1323,MUEVO  PROY.Y SIST.COM.,PTIL.TOSHIBA PORTEGE Z30-A-12T-3E067272H,1,273,29-04-2014,RIQUELME,089 L,18.13.03.30.25
1324,NEGOCIADO INVENTARIO,NETBOOK ASUS EEE 1000HE SERIE:940AAQ216362,1,FIUS 2009,07-04-2014,CORCHU,089 L,FIUS
1325,NEGOCIADO INVENTARIO,NETBOOK ASUS EEE 1000HE SERIE:940AAQ216360,1,FIUS 2009,07-04-2014,CORCHU,089 L,FIUS
1326,NEGOCIADO INVENTARIO,NETBOOK ASUS EEE 1000HE SERIE:940AAQ216354,1,FIUS 2009,07-04-2014,CORCHU,089 L,FIUS
1327,NEGOCIADO INVENTARIO,PC INTER CORE i7 940 BOX,1,FIUS 2009,07-04-2014,CORCHU,089 L,FIUS
1328,EL CORTE INGLES,IPAD AIR CELL 32GB SPACE GRAY CON TECLADO ULTRAFIN,1,09064001252,20-03-2014,ESCALONA,089 L,FIUS
1329,MUEVO  PROY.Y SIST. COM,IMPRES.HP LASERJET M401DN-ser.PHKGC30268,1,65,30-01-2015,SECRET.LOLA,089,DPTO.
1330,APPLE STORE,PORTÁTIL APPLE MBOOK. Ser.C02MX44HF6T6,1,4571449043,25-07-2014,CARMELO,089 L,18.13.03.30.21
1331,RICOCH ESPAÑA,MEMORA 16GB DELL (MEJORA),1,651 03757,31-03-2014,CARMELO,089 L,18.13.03.30.21
1332,RICOCH ESPAÑA,MEMORA 16GB DELL (MEJORA),1,651 03757,31-03-2014,CARMELO,089 L,18.13.03.30.21
1333,RICOCH ESPAÑA,MEMORA 16GB DELL (MEJORA),1,651 03757,31-03-2014,CARMELO,089 L,18.13.03.30.21
1334,RICOCH ESPAÑA,MEMORA 16GB DELL (MEJORA),1,651 03757,31-03-2014,CARMELO,089 L,18.13.03.30.21
1335,RICOCH ESPAÑA,APC RECPACEMENT BATTERY CARTRIDGE (MEJORA),1,651 03757,31-03-2014,CARMELO,089 L,18.13.03.30.21
1336,RICOCH ESPAÑA,SAI DE TINEA INTERACTIVA APC SMART (MEJORA),1,651 03757,31-03-2014,CARMELO,089 L,18.13.03.30.21
1337,RICOCH ESPAÑA,CONMUTADOR KVM USB DE 16 PUERTOS (MEJORA),1,651 03757,31-03-2014,CARMELO,089 L,18.13.03.30.21
1338,ANA Mª VIAS CAMACHO,CORTINA VERTICAL COLOR DESPACHO F1.41,1,081/14,18-08-2014,AREVALO,089,18 60 67 -RECT.
1339,ALUALEX,STORE PARA PROTECCION DE SOL,1,169/14,16-07-2014,ESCALONA,089 L,FIUS
1340,TEKNOSERVICE,ORDENADOR TTL TECNOPRO CORE I5,1,F141294,24-09-2014,PABLO FDEZ M.,089,DPTO. 089
1314,TEKNOSERVICE,"MONITOR 27"" PHILIPS 1920x1080 DVI - VGA",1,F141294,24-09-2014,PABLO FDEZ M.,089,DPTO. 089
1341,MUEVO  PROY.Y SIST.COM.,PORTATIL TOXHIBA SATELLITE Z30-A-1DJ,1,612,28-10-2014,MARIA DEL MAR,089 L,18.13.03.30.25
1342,ANA Mª VIAS CAMACHO,CORTINA VERTICAL COLOR DESPACHO F1.41,1,108/14,28-10-2014,VICTOR,089,18 60 67 -RECT.
1343,TEKNOSERVICE,TTL TECNOPRO WORKSTATION,1,F141484,30-10-2014,AMADOR,089,DPTO. 089
1344,MUEVO  PROY.Y SIST. COM.,PORTATIL TOXHIBA SATELLITE PRO,1,624,31-10-2014,V. CARRILLO,089,DPTO. 089
1345,MUEVO  PROY.Y SIST. COM.,PORTATIL TOXHIBA SATELLITE PRO,1,625,31-10-2014,LUISA ROMERO,089,DPTO. 089
1346,MUEVO  PROY.Y SIST. COM.,PORTATIL TOXHIBA SATELLITE PRO,1,626,31-10-2014,J.A. TROYANO,089,DPTO. 089
1347,MUEVO  PROY.Y SIST. COM.,PORTATIL ASUSTEK G56JK CN098H,1,627,31-10-2014,D. MATEOS,089,DPTO. 089
1348,MUEVO  PROY.Y SIST. COM.,PORTATIL ASUSTEK G56JK CN098H,1,628,31-10-2014,TALLON,089,DPTO. 089
1349,PEDREGOSA  S.L.U.,TABLET LG G PAD 8.3 ANDROID 16GB,1,1405865,03-11-2014,J.J.GUTIERREZ,089,DPTO. 089
1350,PEDREGOSA  S.L.U.,"MONITOR PHILIPS BRILLANCE LED 28""",1,1406104,11-11-2014,PABLO FDEZ M.,089,DPTO. 089
1351,TEKNOSERVICE,TTL TECNOPRO Intel Core i5-4570 s.867611,1,F141581,12-11-2014,F 1.76 M.TORO,089,DPTO. 089
1352,TEKNOSERVICE,TTL TECNOPRO Intel Core i7-4770 s.867612,1,F141586,12-11-2014,PAREJO F1 56,089,DPTO. 089
1353,EL CORTE INGLES,MOVIL ANDROID,1,95364164,08-11-2014,JUAN A. ALVAREZ,089 L,18.13.03.30.28
1354,MUEVO  PROY.Y SIST. COM.,"MONITOR PHILIPS 23 6""",1,611,28-10-2014,RIQUELME,089 L,18.13.03.30.25
1355,PEDREGOSA,IMPRESORA EPSON EXPRESSION PREMIUM,1,1406429,25-11-2014,GASCA,089,DPTO. 089
1356,PEDREGOSA,TABLET ASUS TRANSFORMER BOOK,1,1406429,25-11-2014,CEBALLOS,089,DPTO. 089
1357,PEDREGOSA,IMPRESORA INYECCION CANON PIXMA,1,1406429,25-11-2014,CARMELO,089,DPTO. 089
1358,PEDREGOSA,SERVIDOR NAS SYNOLOGY DISK STATION,1,1406432,25-11-2014,SERGIO POZO,089,DPTO. 089
1359,PEDREGOSA,SERVIDOR NAS WD MY CLOUD 2 TB GIGABIT,1,1406432,25-11-2014,ANGEL VARELA,089,DPTO. 089
1360,PEDREGOSA,"TABLET MOD.ACER ICONIA A1-840FHD 16GB 8""",1,1406432,25-11-2014,C. AREVALO,089,DPTO. 089
1361,PEDREGOSA,"MONITOR LG LED 23.6"" 1920x1080 24M35H",1,1406433,25-11-2014,MARGARITA,089,DPTO. 089
1362,PEDREGOSA,ROC BUCK STORE 4 CAJONES GRIS 4005AB02,1,1406446,25-11-2014,SECRETARIA,089,DPTO. 089
1364,MUEVO  PROY.Y SIST. COM,"MONITOR PHILIPS 27""  ser.272C4QPJK",1,744,04-12-2014,J.A.ORTEGA,089L,18.13.03.30.28
1363,MUEVO  PROY.Y SIST. COM,PORTATIL DELL XPS13 ULT.,1,698,27-11-2014,ESCALONA,089,DPTO. 089
1365,TEKNOSERVICE,UTTL TECNOPRO Intel Core i5 s.873406,1,F141772,05-12-2014,J.A.ORTEGA,089L,18.13.03.30.28
1366,EL CORTE INGLES,PORTÁTIL TOSHIBA SATELLITE  S.8E095056S,1,95365201,21-11-2014,LUISMI,089L,18.13.03.30.28
1367,EL CORTE INGLES,MOV.S.GALAXY NOTE 4 Ser.354201067115002/01,1,95365200,21-11-2014,LUISMI,089L,18.13.03.30.28
1368,GOLDEN MAC,IPHONE 6.64 B SILVER  ser.GMOTR4650000002,1,SE/17381,04-12-2014,A.FDEZ-MONTES,089L,18.13.03.30.28
1369,GOLDEN MAC,"IMAC 27"" CTO de APME088YA SER.sdgknmojzf8j9",1,SE/17403,05-12-2014,A.FDEZ-MONTES,089L,18.13.03.30.28
1370,MUEVO  PROY.Y SIST. COM,TABLET SAMS.GALAXY TAB S- 8806086289757,1,740,03-12-2014,CORDERO,089,DPTO. 089
1371,GOLDEN MAC,IPAD MINI CON RETINA DISPLAY WIFI 32Gb-silver,1,CSE/17397,05-11-2014,ISABEL RAMOS,089,DPTO. 089
1372,GOLDEN MAC,IPAD MINI CON RETINA DISPLAY WIFI 16Gb,1,CSE/17398,05-11-2014,AMADOR,089,DPTO. 089
1373,GOLDEN MAC,"NEW MACBOOK AIR 13""",1,CSE/17398,05-11-2014,ANA BELEN,089,DPTO. 089
1374,GOLDEN MAC,"MACBOOK AIR 13"" CTO de APMD761Y/B",1,CSE/17397,05-11-2014,BENAVIDES,089,DPTO. 089
1375,GOLDEN MAC,IPAD AIR 2 WIFI + CELL 128 Gb + FUNDA CASE,1,CSE/17401,25-11-2014,A. RUIZ,089,DPTO. 089
1376,MUEVO  PROY.Y SIST. COM,TABLET NEXUS 9 16GB BLANCA-S-HT4AFJY06520,1,34,08-01-2015,DAVID RUIZ,089,DPTO. 089
1377,MUEVO  PROY.Y SIST. COM,GAFAS DE REALIDAD AUMENTADA,1,532,24-09-2014,LUISMI SORIA,089L,18.01.04.7101
1378,MUEVO  PROY.Y SIST. COM,NAS DE ALMACENAMIENTO Ser. 1490LSN477004,1,99,0602-2015,J.A.ORTEGA,089,DPTO. 089
1379,MUEVO  PROY.Y SIST. COM,"MONITOR-ACER CB280HK 28""",1,67,02-02-2015,CORDERO,089L,TIN2013-46928-C3-3-R
1380,MUEVO  PROY.Y SIST. COM,ORDENADOR PORTATIL HP X2 612 G1,1,209,30-03-2015,CORCHU,089L,18.13.03.30.30
1340,TEKNOSERVICE ®,"MONITOR 27"" PHILIPS 1920x1080 HDMI-DVI-VHA",1,F141294,24-09-2014,PABLO FDEZ M.,089,DPTO. 089
1381,TEKNOSERVICE,TTL TECNOPRO Intel Core i7-4570 s.0000882426,1,F150256,13-02-2015,GRUPO ISA-I060,089L,18.13.03.30.26
1382,TEKNOSERVICE,TTL TECNOPRO Intel Core i7-4770 s.0000882427,1,F150256,13-02-2015,GRUPO ISA-I060,089L,18.13.03.30.26
1383,MUEVO  PROY.Y SIST. COM,"MONITOR 24"" AOC E2460SH S.D04EABA004756",1,252,20-04-2015,GRUPO ISA-I060,089L,18.13.03.30.26
1384,MUEVO  PROY.Y SIST. COM,"MONITOR 24"" AOC E2460SH S.D04EABA006110",1,252,20-04-2015,GRUPO ISA-I060,089L,18.13.03.30.26
1385,MUEVO  PROY.Y SIST. COM,"MONITOR 24"" AOC E2460SH S.D04EABA006984",1,252,20-04-2015,GRUPO ISA-I060,089L,18.13.03.30.26
1386,MUEVO  PROY.Y SIST. COM,"MONITOR 24"" AOC E2460SH S.D04EABA007060",1,252,20-04-2015,GRUPO ISA-I060,089L,18.13.03.30.26
1387,MUEVO  PROY.Y SIST. COM,"MONITOR 24"" AOC E2460SH S.D04EABA004718",1,108,10-02-2015,GRUPO ISA-I060,089L,18.13.03.27.10
1388,MUEVO  PROY.Y SIST. COM,"MONITOR 24"" AOC E2460SH S.D04EABA004733",1,108,10-02-2015,GRUPO ISA-I060,089L,18.13.03.27.10
1389,MUEVO  PROY.Y SIST. COM,"MONITOR 24"" AOC E2460SH S.D04EABA005666",1,108,10-02-2015,GRUPO ISA-I060,089L,18.13.03.27.10
1390,MUEVO  PROY.Y SIST. COM,"MONITOR 24"" AOC E2460SH S.D04EABA005671",1,108,10-02-2015,GRUPO ISA-I060,089L,18.13.03.27.10
1391,TEKNOSERVICE,TTL TECNOPRO Intel Core i7-4570 s.0000888641,1,F150816,11-05-2015,GRUPO ISA-I060,089L,18.13.03.27.10
1392,TEKNOSERVICE,TTL TECNOPRO Intel Core i7-4770 s.0000888642,1,F150816,11-05-2015,GRUPO ISA-I060,089L,18.13.03.27.10
1393,SECURITAS SEGURIDAD,INSTALAC.CERRADURA APERTURA INTELIGENTE,1,SN/14-02485,27-11-2014,DPTO- F 1 60,089,DPTO. 089
1394,EL CORTE INGLES,TELEFONO MOVIL SAMSUNG S6,1,95381447,23-05-2015,DAVID RUIZ,089L,18.13.03.11.05
1395,INFORMATICA ESPAÑOLA  S.L.,SERVIDOR HP PROLIAN  S. CZ252001HV,1,710360,29-06-2015,ESCALONA,089L,18.13.03.30.29
1396,GOLDEN MAC,"MACBOOK PRO 13"" PORTÁTIL(2 ORGÁNICAS)",1,SE/17191,29-07-2015,J.A.ORTEGA,089L,18.13.03.30.28-2708
1397,EL CORTE INGLÉS,HUB,1,95381049,19-05-2015,DAVID RUIZ,089L,18.13.03.30.30
1398,PEDREGOSA,"MONITOR ACER LED 23""-HB240HABPR",1,1503529,25-06-2015,CORDERO,089,DPTO. 089
1399,PEDREGOSA,"MONITOR ACER 27"" K272HUL LED2560X1440QHD",1,1503562,26-06-2015,DAVID RUIZ,089,DPTO. 089
1400,MUEVO  PROY.Y SIST. COM,PORTÁTIL TOSHIBA PORTEGE R30-A-17C,1,543,02-09-2015,RIQUELME,089L,18.13.03.30.25
1401,MUEVO  PROY.Y SIST. COM,PORTÁTIL TOS.PORT.Z30-B-11G+DOCKSTATION,1,544,02-09-2015,RIQUELME,089L,18.13.03.30.25
1402,EL CORTE INGLÉS,PORTÁTIL ASUS TP300LJ-C4018H,1,95389267,26-08/-2015,TOÑI,089L,18.13.03.30.30
1403,MUEVO  PROY.Y SIST. COM,"MONITOR 24""AOC Ser.D04F5BA000857",1,499,30-08-2015,A. RUIZ,089L,18 13 03 27 10
1404,MUEVO  PROY.Y SIST. COM,"MONITOR 24""AOC Ser.D04F5BA000861",1,499,30-08-2015,A. RUIZ,089L,18 13 03 27 10
1405,MUEVO  PROY.Y SIST. COM,"MONITOR 24""AOC Ser.D04F5BA000846",1,499,30-08-2015,A. RUIZ,089L,18 13 03 27 10
1406,MUEVO  PROY.Y SIST. COM,"MONITOR 24""AOC Ser.D04F5BA000851",1,499,30-08-2015,A. RUIZ,089L,18 13 03 27 10
1407,GOLDEN MAC,"IMAC 27""+APPLECARE Ser. SDGKPKOXRFY14",1,SE/16478,22-05-2015,A. RUIZ,089L,18 13 03 29 16
1408,GOLDEN MAC,"MACBOOKPRO13""MF841.Ser.SC02Q227WFVH8",1,SE/16921,30-06-2015,A. RUIZ,089L,18 13 03 30 26
1409,PEDREGOSA,"MONITOR LDC LG 23 8"" LED FULL HD24MP57VQP",1,1503562,26-06-2015,DAVID RUIZ,089,DPTO. 089
1410,GOLDENMAC,IPAD PRO WI-FI CELL 128 GB SILVER,1,SE/18905,18/12/2015,ANTONIO RUIZ,089L,1813031305
1411,MUEVO  PROY.Y SIST. COM,AMPLIACIÓN SERVIDOR SUPERMICRO HI-1133,1,370,09-06-2015,DAVID RUIZ,089L,INVERSIONES
1412,MEDIA MARK,APPLE MD785 IPAD 16GB-SER.SDMQQ32UAFK10,1,60269873,16-09-2015,ESCALONA,089L,18 13 03 30 29
1413,VITEL  S.A.,MULTIVISIÓN Y MULTIMEDIA:RETROPROY.F1 87,1,FVR1500878,14-09-2015,INVERSIONES,089L,ETSII18500201
1414,PC ESFERA SISTEMA S.L.U.,CPU PC ESFERA COOLBOX 727,1,0807323,29-09-2015,ESCALONA,089L,PROY.MEGUS
1415,SANTIAGO NIETO GUERRERO,SPLIT PARE INVERTER FUJITSU  ASG9UIA-LV,1,89/2015,02-09-2015,MARIANO,089L,18 60 67 RECT.
1416,GOLDENMAC,IPAD PRO WI-FI CELL 128 GB GOLD,1,SE/18474,20-11-2015,J.A.ORTEGA,089L,18.13.03.29.23-11.07
1417,MUEVO  PROY.Y SIST. COM,PORTATIL TOSHIBA SATELLITE PRO P50-C-11J,1,687,03-11-2015,J. TORRES,089L,18.13.03.29.20
1418,MUEVO  PROY.Y SIST. COM,"TABLET SAMSUNG GALASY TAB A 9 7""",1,687,03-11-2015,J. TORRES,089L,18.13.03.29.20
1419,ALMACENES PAEZ  S.L.,SILLA IDONIA AZUL CON APOYABRAZOS,1,15344.025751,15-11-2015,FERNANDO ORTEGA (GRUPO CORCHU),089,18.80.13.03.10
1420,EL CORTE INGLÉS,LED,1,92238724,04-11-2015,LUIS MIGUEL SORIA,089L,18.13.03.30.28
1421,PEDREGOSA,DISCO DURO EXTERNO LACIE PORSCHE,1,1506162,25-11-2015,JOSE Mª GARCIA,089,18.80.13.03.10
1422,TEKNOSERVICE,ORDENADOR TTL TEKNOPRO (i5)-S 916307,1,F152026,23-11-2015,MARGARITA,089,10.80.13.03.10
1423,TEKNOSERVICE,ORDENADOR TTL TEKNOPRO (i7)-S 916308,1,F152026,23-11-2015,D.BENAVIDES,089,10.80.13.03.10
1424,MUEVO  PROY.Y SIST. COM,ORDENADOR PORTATIL ASUSTEK,1,733,24-11-2015,RAFAEL ROMERO,089,10.80.13.03.10
1425,MUEVO  PROY.Y SIST. COM,SMARTPHONE BQ AQUARIS M5 5,1,735,24-11-2015,CAROLINA,089,10.80.13.03.10
1426,MUEVO  PROY.Y SIST. COM,"MONITOR PHILIPHS 28""",1,741,24-11-2015,S.SEGURA,089,10.80.13.03.10
1427,MUEVO  PROY.Y SIST. COM,"MONITOR PHILIPHS 28""",1,741,24-11-2015,I.NEPOMUCENO,089,10.80.13.03.10
1428,MUEVO  PROY.Y SIST. COM,"MONITOR PHILIPHS 28""",1,741,24-11-2015,B.BERNARDEZ,089,10.80.13.03.10
1429,MUEVO  PROY.Y SIST. COM,"MONITOR PHILIPHS 28""",1,741,24-11-2015,M.RESINAS,089,10.80.13.03.10
1430,PROVEEDORA DE LA COSTA  S.L.L.L.,ESTANTERIAS,1,1752/1,05-08-2015,ESCALONA,089L,FIUS
1431,ALMACENES PAEZ,IMPRESORA,1,15344 026013,30-11-2015,ROVAYO,089,1880130310
1432,PEDREGOSA,"MONITOR LG 42""",1,1506153,25-11-2015,MAYTE,089,1880130310
1433,GOLDENMAC,PORTATIL MACBOOK PRO,1,SE/18429,17-11-2015,PATRICIA,089,1880130310
1434,MUEVO  PROY.Y SIST. COM,PORTATIL TOSHIBA TECRA,1,748,26-11-2015,CRISTINA RUBIO,089,1880130310
1435,MUEVO  PROY.Y SIST. COM,TABLET SAMSUNG GALAXY TAB,1,759,30-11-2015,FERNANDO ENRIQUEZ,089,1880130310
1436,MUEVO  PROY.Y SIST. COM,TABLET SAMSUNG GALAXY TAB,1,759,30-11-2015,R.CEBALLOS,089,1880130310
1437,MUEVO  PROY.Y SIST. COM,BUNDLE TABLET ASUS ZENPAD,1,759,30-11-2015,PAREJO,089,1880130310
1438,MUEVO  PROY.Y SIST. COM,TABLET LENOVO,1,759,30-11-2015,C.MULLER,089,1880130310
1439,MUEVO  PROY.Y SIST. COM,TABLET WOLDER MY TAB,1,759,30-11-2015,ADELA,089,1880130310
1440,MUEVO  PROY.Y SIST. COM,TABLET SAMSUNG GALAXY TAB,1,759,30-11-2015,C.AREVALO,089,1880130310
1441,MUEVO  PROY.Y SIST. COM,DISCO DURO EXTERNO,1,752,27-11-2015,ESCALONA,089L,1813033030
1442,MUEVO  PROY.Y SIST. COM,DISCO DURO EXTERNO,1,752,27-11-2015,ANDRES JIMENEZ,089L,1813033030
1443,MUEVO  PROY.Y SIST. COM,PORTATIL TOSHIBA SATELLITE PRO R-50-B-15Z,1,690,04/11/2015,RIQUELME,089L,1813033025
1444,MUEVO  PROY.Y SIST. COM,MINIBAREBONE,1,752,27-11-2015,VICENTE CARRILLO,089L,1813033030
1445,MUEVO  PROY.Y SIST. COM,NAS SYNOLOGY RACKSTATION,1,799,04-12-2015,CORCHU,089L,1813033030
1446,MUEVO  PROY.Y SIST. COM,PORTATIL HACER CHROMEBOOK CB5-311-T2J7,1,797,04-12-2015,JUAN A. ALVAREZ,089,1880130310
1447,ANTONIO REINA LARA,SPLIT PARED,1,IFC066-SI026/15,02/12/2015,DEPARTAMENTO,089,1880130310
1448,ANTONIO REINA LARA,SPLIT PARED,1,IFC066-SI026/15,02/12/2015,DEPARTAMENTO,089,1880130310
1449,ANTONIO REINA LARA,CAJA DE VENTILACIÓN,1,OFC068-SI028/15,02/12/2015,DEPARTAMENTO,089,1880130310
1450,TEKNOSERVICE,ORDENADOR TTL TEKNOPRO i7-S,1,F152229,10/12/2015,J.PEREZ,089L,1813031305
1451,GOLDENMAC,"MACBOOK PRO 13"" RETINA",1,SE/18749,05-15-2015,JUAN AGUILAR,089,1813031305
1452,PEDREGOSA,TABLET ENERGY PRO 9 WINDOWS 3G,1,1506648,15-12-2015,,089,1880130310
1453,PEDREGOSA,"MONITOR PHILIPS LED 23 6""",1,1506647,15-12-2015,F.J.GALÁN,089,1880130310
1454,PEDREGOSA,SILLON TECNOLINE RESPALDO,1,1506666,15-12-2015,B.PON TES,089,1880130310
1455,GOLDENMAC,APPEL TV 32 GB,1,SE/18860,16-12-2015,ALEJANDRO,089L,1813031305
1456,GOLDENMAC,IPAD AIR 2 WI-FI 64 GB SPACE GRAY,1,SE/18807,11/12/2015,AMADOR,089L,1813031305
1457,GOLDENMAC,IPAD MINI CON RETINA DISPLAY WI-FI 32 GB SILVER,1,SE/18861,16/12/2015,BEATRIZ BERNARDEZ,089L,1813031305
1458,TEKNOSERVICE,ORDENADOR  TTL TEKNOPRO i5-S 920918,1,F152303,22/12/2015,M.MEJIAS,089,1880130310
1459,TEKNOSERVICE,ORDENADOR  TTL TEKNOPRO i5-S 920919,1,F152303,22/12/2015,LUISA ROMERO,089,1880130310
1460,TEKNOSERVICE,ORDENADOR TTL TEKNOPRO i7-S 920916,1,F152303,22/12/2015,I.NEPOMUCENO,089,1880130310
1461,TEKNOSERVICE,ORDENADOR TTL TEKNOPRO i7-S 920917,1,F152303,22/12/2015,OCTAVIO,089,1880130310
1462,TEKNOSERVICE,ORDENADOR MESA TTL TEKNOPRO i5-S1462,1,F160086,12/01/2016,F.J.GALAN,089,1880130310
1463,CARREFOUR,PLAYSTATION4 + MANDO DUALSHOCK4,1,A160001455,30/01/2016,ORTEGA,089L,1813031107
1464,MUEVO  PROY.Y SIST. COM,TABLET ASUS ZENPAD S 8.0  FANPFP017726,1,61,19-01-2016,DAVID RUIZ,089L,18.13.03.11.05
1465,MUEVO  PROY.Y SIST. COM,PROYECTOR LG LED PA 1000   511SRVG62879,1,61,19-01-2016,DAVID RUIZ,089L,18.13.03.11.05
1466,EL CORTE INGLES,ULTRABOOK HP SPECTRE,1,95401211,24-12-2015,RIQUELME,089L,18.13.03.30.32
1467,GOLDENMAC,IPAD MINI 2 DISPLAY WI-FI CELL 32 GB,1,SE/16332,29-01-2016,A. VARELA,089,18.80.13.03.10
1468,MUEVO  PROY.Y SIST. COM,"MONITOR 23 6"" AOC",1,56,15/01/2016,RIQUELME,089L,18.13.03.30.25
1469,EL CORTE INGLES,LENOVO YOGA 3 PRO,1,95407207,23-02-2016,LUISMI SORIA,089L,18.13.03.30.28
1470,SANTIAGO NIETO GUERRERO,AIRE ACONDICIONADO FUJITSU ASG18 UI LF,1,15/2016,08/03/2016,F0.44,089,18.60.67
1471,SANTIAGO NIETO GUERRRERO,AIRE ACONDICIONADO FUJITSU ASG9 UI LLC,1,16/2016,08/03/2016,F0.49,089,18.60.67
1472,MUEVO  PROY.Y SIST. COM,DISCO DURO INTERNO SSD 500 SERIE 850 EVO SAMSUNG,1,223,28/03/2016,DAMIAN,089,18.80.13.03.10
